1509162041,조동아리,우덜혁 ㅋㅋㅋ
1509162041,Tjd8665,갈리오
1509162041,엔에스씨익,ㅋㅋㅋㅋㅋ
1509162041,alstn51514,울프는....ㅠㅠ
1509162042,rkdrbs23,갈리5
1509162042,핳하,갈갈갈갈갈
1509162042,플라워댄스,갈리오성애자
1509162042,까스미,갈리오5번하고
1509162042,곱쓸루슈,빵긋
1509162042,겜창치대생,야 갈리오 페이커 어떻냐
1509162042,칼라볼그,빛 상 혁
1509162042,옵치롤하스,슼5갈
1509162042,우비를쓰자,통역 어질어질
1509162042,happy1950,메잘알
1509162042,겨자소스,skt t1 갈리오
1509162042,qoqto,갈리 5
1509162042,알키메데스,갈갈갈갈갈
1509162042,kns7977,大 상혁
1509162042,단순호치_,또 통역 ㅜㅜ
1509162042,뿅강이,빛 상 혁
1509162042,Kstaring7,급식들 나대는거보소
1509162043,s4int71,깔리오
1509162043,kdu20120419,울프는 오늘도...
1509162043,포브센세,크
1509162043,풉키풉키1,빛상혁
1509162043,지느,?
1509162043,hoon6666,갈갈갈갈갈
1509162043,트레이터,오만이 아니라 오갈
1509162043,놀라운맛,갈갈갈갈갈
1509162043,아담한,실수?
1509162044,dovoodoo1,ㅋㅋㅋㅋㅋㅋㅋㅋㅋㅋㅋㅋㅋ
1509162044,덴마크민트라떼,ㅇㅈ
1509162044,랑땡,캬
1509162044,aromaqi4,빛빛빛빛빛
1509162044,영태는못말려,ㅋㅋㅋㅋㅋㅋㅋㅋㅋㅋㅋㅋㅋㅋㅋㅋㅋㅋㅋㅋㅋ
1509162044,Wredw0104,5갈
1509162044,gusdulek1,끄덕 끄덕
1509162044,Kharute,5갈인데 이김
1509162044,다음생은조강현으로,ㅋㅋㅋㅋㅋㅋㅋㅋㅋㅋㅋㅋㅋㅋㅋ
1509162044,곰친,갓갓갓
1509162044,웃픈광대,실수가많앗어..?
1509162044,hanana50502,ㅋㅋㅋㅋㅋㅋㅋㅋㅋㅋㅋㅋㅋㅋㅋㅋㅋㅋㅋㅋㅋ
1509162044,sysky2001,ㅋㅋㅋㅋㅋㅋㅋㅋㅋㅋㅋㅋㅋㅋㅋㅋㅋㅋㅋㅋㅋㅋㅋㅋㅋㅋㅋㅋㅋㅋㅋㅋㅋㅋㅋㅋㅋㅋㅋㅋㅋㅋㅋ
1509162044,필더문,ㅇㅈ
1509162044,고양이수염,5갈 MVP
1509162044,황물기,ㅋㅋㅋㅋㅋㅋㅋㅋㅋ
1509162044,갤러거,ㅋㅋㅋㅋㅋㅋㅋㅋㅋㅋㅋㅋㅋㅋ
1509162044,갱맥,ㅋㅋㅋㅋ
1509162044,scottchoi,갈리5
1509162044,김득득,ㅋㅋㅋㅋㅋㅋㅋㅋㅋㅋㅋㅋㅋㅋㅋㅋㅋㅋㅋㅋㅋㅋㅋ
1509162044,마사유메체이징,ㅋㅋㅋㅋㅋㅋ
1509162044,여우링,ㅋㅋㅋㅋㅋㅋㅋㅋㅋㅋㅋㅋㅋㅋㅋㅋㅋㅋㅋㅋㅋㅋㅋㅋ
1509162044,목표는어디,ㅇㅈ
1509162044,황혼의집정관,ㅇㅈ
1509162044,990730jang,5연갈
1509162046,firefl0wer,크
1509162046,nohostt,?
1509162046,난나,?
1509162046,구기자술,대 ㅡㅡㅡㅡ 상 ㅡㅡㅡㅡ 혁
1509162046,김기영,ㅋㅋㅋㅋㅋㅋㅋㅋㅋㅋㅋㅋㅋ
1509162046,tmdqnrdl7,??????
1509162046,손바닥손등,ㅇㅈ
1509162046,와이키베베,ㅋㅋㅋㅋㅋㅋㅋ
1509162046,jellykon,ㅋㅋㅋㅋㅋㅋㅋㅋㅋㅋㅋㅋㅋㅋㅋㅋㅋㅋㅋㅋ
1509162046,아모루,실수가 많았대 ㅋㅋㅋㅋ
1509162046,freheit,ㅋㅋㅋㅋㅋㅋㅋㅋㅋ
1509162046,오늘의샷건,ㅋㅋㅋㅋㅋㅋㅋㅋㅋㅋ
1509162046,라비교,표정개밝아!
1509162046,갓기,?
1509162046,dalyoyil,?
1509162046,park8794,ㅋㅋㅋㅋㅋ
1509162046,bestreply,ㅋㅋㅋㅋㅋㅋㅋㅋㅋㅋㅋㅋ
1509162046,더러웡,ㅋㅋㅋㅋㅋㅋㅋㅋㅋㅋㅋㅋㅋㅋㅋㅋㅋ
1509162046,브라데0759,??
1509162046,무메이0,ㅋㅋㅋㅋㅋㅋㅋㅋㅋㅋㅋㅋㅋ
1509162046,물위를달린다,두근두근
1509162046,MEtwicha,ㅋㅋㅋㅋㅋㅋㅋㅋㅋㅋㅋㅋㅋㅋ
1509162046,살상인,오리오
1509162046,수염부,ㅋㅋㅋㅋ
1509162046,작은갤주님,ㅋㅋㅋㅋ
1509162046,모홀,그저 빛빛빛
1509162046,팥빵미인,갈갈갈갈갈
1509162046,요미뱅,ㅋㅋㅋㅋㅋㅋㅋㅋㅋㅋㅋㅋㅋㅋ
1509162046,chaoser_admirer,ㅋㅋㅋㅋㅋㅋㅋㅋㅋ
1509162046,17씹삼,ㅋㅋㅋㅋㅋㅋㅋㅋㅋㅋㅋ
1509228988,kimhh910,?
1509162049,손만먹고잘게,ㅋㅋㅋㅋㅋㅋㅋㅋㅋㅋㅋㅋㅋㅋ
1509162049,Tteok_e,ㅋㅋㅋㅋㅋㅋㅋㅋ
1509162049,유전무죄무좀유죄,ㅋㅋㅋㅋㅋㅋㅋㅋㅋㅋㅋㅋㅋㅋㅋㅋㅋㅋㅋㅋㅋㅋ
1509162049,석가모,ㅋㅋㅋㅋㅋㅋㅋㅋㅋㅋㅋㅋㅋㅋㅋㅋㅋㅋ
1509162049,숲플레,???
1509162049,알툼,네?
1509162049,츤츤거리넹,ㅇㅈ 또 ㅇㅈ
1509162049,곰이도니문,실수?
1509162049,신호김주,ㅋㅋㅋㅋㅋㅋㅋㅋㅋㅋㅋㅋㅋㅋㅋㅋ
1509162049,까미노,ㅋㅋㅋㅋㅋㅋㅋㅋㅋㅋㅋㅋㅋㅋㅋㅋㅋ
1509162049,Foodduck,갓갓갓
1509162049,연치과원장,ㅋㅋㅋㅋㅋㅋㅋㅋㅋㅋㅋㅋㅋㅋㅋㅋㅋㅋㅋㅋㅋㅋㅋㅋㅋㅋㅋㅋㅋㅋㅋㅋㅋㅋㅋㅋㅋㅋㅋ
1509162049,bakgaksii,울프:???
1509162049,유로파,빛 상 혁 미쳐 ㅋㅋㅋㅋㅋㅋㅋㅋㅋㅋㅋㅋㅋㅋ
1509162049,대마드래곤,ㅋㅋㅋㅋㅋㅋㅋㅋㅋㅋㅋㅋㅋㅋㅋㅋㅋㅋㅋㅋㅋㅋ
1509162049,osy1225,ㅇㅈ
1509162049,fredericap,ㅇㅈ
1509162049,포스키,ㅋㅋㅋㅋㅋㅋㅋㅋㅋㅋㅋㅋㅋㅋㅋㅋㅋㅋ
1509162049,응못이겨,ㅋㅋㅋㅋㅋㅋㅋㅋㅋㅋㅋㅋㅋㅋㅋㅋㅋㅋㅋㅋㅋㅋㅋㅋㅋ
1509162049,siri8452,빛 빛 빛
1509162049,도토리,오연갈
1509162049,oanjun,?
1509162049,bacon3355,ㄴㅋㅋㅋㅋㅋㅋㅋㅋㅋ
1509162049,shrier,결론 내가 잘했다
1509162049,퍄팍이,캬 역시
1509162049,bluespeea,ㅋㅋㅋㅋㅋㅋㅋㅋㅋㅋㅋㅋㅋㅋㅋㅋㅋㅋㅋㅋㅋㅋㅋㅋㅋㅋ
1509162049,초우우,ㅇㅈㅇㅈㅇㅈ
1509162049,bellhorn9602,갈 리 오
1509162049,남쓰,실수요?
1509162049,개개,ㅋㅋㅋㅋㅋㅋㅋㅋㅋㅋㅋㅋㅋㅋㅋㅋㅋㅋㅋ
1509165187,아니그걸,???????????
1509172966,괏수_,????????
1509162052,망고무스,?????????
1509162052,치트키맨,엌ㅋㅋ
1509162052,개식스,ㅋㅋㅋㅋㅋㅋㅋㅋ
1509162052,꼬따먹,ㅇㅈ
1509162052,듣기좋소,ㅋㅋㅋㅋㅋㅋㅋㅋㅋㅋㅋㅋㅋㅋㅋㅋ
1509162052,ta1444,ㅋㅋㅋㅋㅋㅋㅋㅋㅋㅋㅋ
1509162052,여수의자랑풍,ㅋㅋㅋㅋㅋㅋㅋㅋㅋㅋ
1509162052,토요일밤에,개뻔뻔
1509162052,피리부는린가드,크
1509162052,돈에미친새,ㅋㅋㅋㅋㅋㅋㅋㅋㅋㅋㅋ
1509162052,콩찹쌀떡,ㅋㅋㅋㅋㅋ
1509162052,로드트립,ㅋㅋㅋㅋㅋㅋㅋㅋㅋㅋㅋㅋㅋㅋㅋㅋㅋㅋㅋㅋㅋ BloodTrail BloodTrail
1509162052,김대현이다,ㅋㅋㅋㅋㅋㅋㅋㅋㅋㅋㅋㅋㅋㅋㅋㅋㅋㅋ
1509162052,jason3984,ㅇㅈㅇㅈ
1509162052,열정페이커,받을줄 알았어 ㅋㅋㅋㅋ
1509162052,eofus1,ㅇㅈ
1509162052,미토페인,겸ㅡ손
1509162052,바코1,끄덕끄덕
1509162052,피곤한모찌,거만~
1509162052,김동률목소리,ㅇㅈ이라..
1509162052,다이애나,실수가 많았다고?ㅋㅋㅋㅋㅋㅋㅋㅋㅋㅋㅋㅋㅋㅋㅋㅋㅋㅋㅋㅋㅋㅋㅋㅋㅋㅋㅋㅋㅋㅋㅋㅋㅋ
1509162052,NOCPSY,ㅋㅋㅋㅋㅋㅋㅋㅋㅋㅋㅋㅋㅋㅋㅋ
1509162052,남상,자신감 오우야 ㅋㅋㅋㅋㅋㅋㅋㅋㅋㅋ
1509162052,인생의쓴맛,? 겸--손
1509162052,accntfretc,ㅋㅋㅋㅋㅋㅋㅋㅋㅋㅋㅋㅋㅋㅋㅋ
1509162052,아트콩,ㅋㅋㅋㅋㅋㅋㅋ
1509162052,거미,ㅋㅋㅋㅋㅋㅋㅋㅋㅋㅋㅋㅋ
1509162052,hyolz86,대상혁
1509162052,호부호형,ㅋㅋㅋㅋㅋㅋㅋ
1509162052,Karasim,ㅋㅋㅋㅋㅋㅋㅋㅋㅋㅋㅋㅋㅋㅋㅋㅋㅋㅋㅋ
1509162055,lasina85,ㅋㅋㅋㅋㅋㅋㅋㅋㅋㅋ
1509162055,swk616,ㅋㅋㅋㅋㅋㅋㅋㅋㅋㅋㅋㅋㅋㅋㅋㅋㅋㅋㅋㅋㅋ
1509162055,할라질,ㅋㅋㅋㅋㅋㅋㅋㅋㅋㅋㅋㅋㅋㅋㅋㅋㅋㅋㅋㅋㅋㅋㅋ
1509162055,talitha9mi,ㅋㅋㅋㅋㅋㅋㅋㅋㅋㅋㅋㅋㅋㅋㅋㅋㅋㅋㅋㅋㅋㅋㅋ
1509162055,무시무시한곰보,빛 상 혁
1509162055,gns524,ㅋㅋㅋㅋㅋㅋㅋㅋㅋㅋㅋㅋㅋㅋㅋㅋㅋㅋㅋㅋㅋ
1509162055,돌붕붕붕이,"""갈리오를 잘하다보니까"""
1509162055,리안하르트,본인이 잘한데 ㅋㅋ
1509162055,nvermiculus,ㅋㅋㅋㅋㅋㅋㅋㅋㅋㅋ
1509162055,세이닝,?
1509162055,미르니,ㅋㅋㅋㅋㅋㅋㅋㅋㅋㅋㅋㅋㅋㅋㅋㅋㅋㅋㅋㅋㅋㅋㅋㅋㅋㅋㅋ
1509162055,나는배가부르다뀨,빛 상 혁
1509162055,Gksdltka,ㅋㅋㅋㅋㅋㅋㅋㅋㅋ
1509162055,돈냥팔이,ㅋㅋㅋㅋㅋㅋㅋㅋㅋㅋㅋㅋㅋㅋㅋㅋ
1509162055,스벤하임,ㅋㅋㅋㅋㅋㅋㅋㅋㅋㅋㅋㅋㅋㅋㅋㅋㅋㅋㅋㅋㅋㅋㅋㅋㅋㅋㅋㅋㅋㅋㅋㅋㅋㅋㅋㅋㅋㅋㅋㅋ
1509162055,cigna2,대 상 혁
1509162055,Pitnoch,ㅋㅋㅋㅋㅋㅋㅋㅋㅋㅋㅋㅋㅋ
1509162055,akdgkfrpa,ㅋㅋㅋㅋ
1509162055,한글아이디315,ㅋㅋㅋㅋㅋㅋㅋㅋㅋㅋㅋㅋㅋㅋㅋㅋㅋㅋㅋㅋㅋㅋㅋㅋㅋㅋㅋㅋ
1509162055,king_gul,ㅋㅋㅋㅋㅋㅋㅋㅋㅋㅋㅋㅋㅋㅋㅋㅋㅋㅋㅋㅋㅋㅋㅋㅋㅋㅋㅋㅋㅋㅋㅋㅋ
1509162055,따아아악따악무새,자신감 무엇ㅋㅋㅋㅋㅋㅋㅋㅋㅋㅋㅋ
1509162055,bebulu724,너무 겸손하다
1509162055,whiplashtome,ㅋㅋㅋㅋㅋㅋㅋㅋㅋㅋㅋㅋㅋ와
1509162055,cms050,멋있다
1509162055,로에뉴우우우우,ㅋㅋㅋㅋㅋㅋㅋㅋㅋㅋㅋㅋㅋㅋㅋㅋㅋㅋㅋㅋㅋ
1509162055,은숙이,ㅋㅋㅋㅋㅋㅋㅋㅋㅋㅋㅋㅋㅋㅋ
1509162055,크레이지,패기 지려ㅛㅗㅆ다 ㅋㅋㅋ
1509162055,빠끼,끄덕끄덕
1509162055,눈꽃은처연히피고,ㅋㅋㅋㅋㅋㅋㅋㅋㅋㅋㅋㅋㅋㅋㅋㅋㅋㅋㅋㅋㅋ
1509162055,nightsemi,ㅋㅋㅋㅋㅋㅋㅋㅋㅋㅋㅋㅋㅋㅋㅋㅋㅋ와 자부심있다
1509208348,쯔왁,ㅋㅋㅋㅋㅋㅋㅋㅋㅋㅋㅋㅋㅋㅋㅋㅋㅋㅋㅋㅋㅋㅋㅋㅋㅋㅋㅋㅋㅋ
1509221238,콘수메,ㅋㅋㅋㅋㅋㅋㅋㅋㅋㅋㅋㅋㅋㅋㅋ
1509223126,델리야,zz
1509162058,Star_TnT,거만
1509162058,우주여신김마리,포스 봐라
1509162058,xz3070,ㅋㅋㅋㅋㅋㅋㅋㅋㅋㅋㅋㅋㅋㅋㅋㅋㄴㅋㅋㅋㅋㅋ
1509162058,jhp8647,ㅋㅋㅋㅋㅋㅋㅋㅋㅋㅋㅋㅋㅋ
1509162058,blacksword8,??
1509162058,곰은문이다,ㅋㅋㅋㅋㅋㅋㅋㅋㅋㅋㅋㅋㅋㅋ
1509162058,SyriKa_,ㅋㅋㅋㅋㅋㅋㅋㅋㅋㅋㅋㅋㅋㅋㅋㅋㅋ
1509162058,갈라파고엔시스,실수가 많았다고/..?
1509162058,빌게에이취,ㅋㅋㅋㅋㅋㅋㅋㅋㅋㅋㅋㅋㅋㅋㅋㅋㅋㅋㅋㅋㅋㅋㅋㅋㅋㅋㅋㅋㅋㅋㅋ
1509162058,아노씌,페이커 옷때문에 카서스같냐ㅋㅋㅋㅋㅋㅋㅋㅋㅋ
1509162058,돼지감정단,미친다ㅋㅋㅋㅋㅋㅋㅋㅋㅋㅋ
1509162058,탱노탱노,그저 빛 그 자체.....빛ㅡㅡㅡㅡㅡ상ㅡㅡㅡㅡㅡㅡㅡ혁
1509162058,dong2yoyo314,ㅋㅋㅋㅋㅋㅋㅋㅋㅋㅋ
1509162058,서울대경제학과,ㅋㅋㅋㅋㅋㅋㅋㅋㅋㅋㅋㅋㅋㅋㅋㅋㅋㅋㅋㅋㅋ
1509162058,블블갓겜,ㅋㅋㅋㅋㅋㅋㅋㅋㅋㅋㅋㅋㅋㅋㅋㅋㅋㅋㅋ
1509162058,청청새,ㅋㅋㅋㅋㅋㅋㅋㅋㅋㅋㅋㅋㅋㅋㅋㅋㅋㅋ
1509162058,탱커아님,차이나는 인터뷰 길이
1509162058,MGKorea,풋
1509162058,메라평생팬,ㅋㅋㅋㅋㅋㅋㅋㅋㅋㅋㅋㅋㅋㅋㅋ
1509162058,입만열면아주,ㅇㅈㅇㅈ
1509162058,유진샐리안,킹상혁 ㅋㅋㅋㅋ
1509162058,p1oneer_,ㅋㅋㅋㅋㅋㅋㅋㅋㅋㅋㅋㅋㅋㅋㅋㅋㅋ
1509162058,clty32,ㅋㅋㅋㅋㅋㅋㅋㅋㅋㅋㅋㅋㅋㅋㅋㅋㅋㅋㅋㅋㅋㅋㅋㅋㅋㅋㅋㅋㅋㅋㅋㅋㅋㅋㅋ
1509162058,hgb1020,ㅋㅋㅋㅋㅋㅋㅋㅋㅋㅋㅋㅋㅋㅋㅋㅋㅋㅋㅋㅋ
1509162058,블루쵸파,ㅋㅋㅋㅋㅋ
1509162058,흰줄박이,이 상 혁
1509162058,김전기,ㅋㅋㅋㅋㅋㅋㅋㅋㅋㅋㅋㅋㅋ
1509162058,apjeji,빛 상 혁
1509169361,참치마요_,저렇게 시킨것 같다 ㅋㅋ
1509162061,라플라스,진지해 ㅋㅋㅋ
1509162061,또로롱수칸,ㅋㅋㅋㅋㅋㅋㅋㅋㅋㅋㅋ
1509162061,3부리거미라지,이가 좀 노랗다?
1509162061,최유나악개,대 빛 혁
1509162061,eek1532,ㅋㅋㅋㅋㅋㅋㅋㅋㅋㅋㅋㅋㅋㅋㅋㅋㅋㅋ
1509162061,sky72love,내가 잘해서 받았다
1509162061,songssi12,ㅋㅋㅋㅋㅋㅋㅋㅋㅋㅋㅋ
1509162061,tkddlzh,자신감 무엇 ㅋㅋㅋㅋㅋ
1509162061,sensegatto,우리혁 미쳐 ㅋㅋㅋㅋㅋㅋㅋㅋㅋㅋㅋㅋㅋㅋㅋㅋㅋ
1509162061,자일리톨플러스,ㅋㅋㅋㅋ
1509162061,강쟁이,빛 대 짱
1509162061,스킬즈,팬서비스 봐라 ㅋㅋㅋ
1509162061,머리에서빛이나는탈모요정,풋..
1509162061,펩시톡톡톡,통역 편안
1509162061,트렙,ㅋㅋㅋㅋㅋㅋㅋㅋㅋㅋㅋㅋㅋ
1509162061,yunbanga,실수?
1509162061,돈사마아,통역고통
1509162061,wjdwlsgur,빛 상 혁 오늘 잘해줬다ㅅㅅ
1509162061,gahojooo,ㅋㅋㅋㅋㅋㅋㅋㅋㅋㅋㅋㅋㅋㅋㅋㅋㅋ
1509162061,램파드닉누가쓰냐,ㅋㅋㅋㅋㅋㅋㅋㅋㅋㅋㅋㅋㅋㅋㅋㅋㅋㅋㅋㅋㅋㅋㅋㅋㅋㅋㅋㅋㅋㅋ
1509162061,프아,겸 ㅡ손
1509162061,Mrdam1,ㅋㅋㅋㅋㅋㅋㅋㅋㅋㅋㅋㅋㅋㅋㅋㅋㅋㅋㅋㅋㅋㅋㅋㅋㅋ
1509162061,비밀의문,우서?
1509162061,hiru147,ㅋㅋㅋㅋㅋㅋㅋㅋㅋㅋㅋㅋㅋㅋㅋㅋㅋㅋㅋㅋㅋㅋㅋㅋ
1509162062,duduji11,ㅋㅋㅋㅋㅋㅋㅋㅋㅋㅋㅋㅋㅋㅋㅋ
1509162062,_헤드셋,ㅋㅋㅋㅋㅋㅋㅋㅋㅋㅋㅋㅋㅋㅋㅋㅋㅋㅋ
1509229573,상선약수,끄덕 끄덕
1509162062,읭윙,끄덕끄떡
1509162062,죽은아몬드,ㅋㅋㅋㅋㅋ
1509162062,안녕하세요이유님,?? : 저 형한테 마이크쥐어주면 안되
1509162062,가브리엘충신,ㅋㅋㅋㅋㅋㅋㅋㅋㅋㅋㅋㅋㅋㅋㅋㅋㅋ
1509162062,고급위생면봉,갈갈갈
1509162062,jyupi2000,ㅋㅋㅋㅋㅋㅋㅋㅋㅋㅋㅋㅋㅋㅋㅋ
1509162062,용길단짧,ㅋㅋㅋㅋㅋㅋㅋㅋㅋㅋㅋㅋㅋㅋㅋㅋㅋㅋㅋㅋㅋㅋㅋㅋㅋㅋㅋㅋㅋㅋㅋㅋㅋㅋ
1509162062,pele7879,실수는 했지만..난 원래 잘해서 놀랍지않다
1509162062,mycho2425,겸ㅡㅡㅡㅡㅡ손
1509162064,Power2077,겸손 과 거만의 조화.... 빛 상 혁 미 쳐
1509162064,꽈직,빛상혁
1509162064,꿍딱,뻘줌 ㅋㅋㅋㅋ
1509162064,눈이예뻐요,겸-손
1509162064,뚜들,ㅋㅋㅋㅋㅋㅋㅋㅋㅋㅋㅋㅋㅋㅋㅋㅋㅋㅋㅋㅋㅋㅋㅋㅋㅋㅋㅋㅋㅋㅋㅋㅋㅋㅋㅋ
1509162064,zldhzl9,겸손하시네;
1509162064,노블리스,ㅋㅋㅋㅋㅋㅋㅋㅋㅋㅋㅋㅋㅋㅋㅋㅋㅋㅋㅋㅋㅋㅋㅋㅋㅋㅋㅋㅋㅋㅋㅋ
1509162064,뭐야이건왜안돼,육만
1509162064,1분25초의남자김진효,겸ㅡ손
1509162064,보라눈깔,ㅋㅋㅋㅋㅋㅋㅋㅋㅋㅋㅋㅋㅋㅋㅋㅋㅋㅋㅋㅋㅋㅋㅋㅋㅋㅋㅋㅋㅋㅋㅋㅋㅋㅋㅋㅋㅋㅋㅋㅋ
1509162064,낭만모기,ㅇㅈㄸㅇㅈ
1509162064,하늘색좋아요,ㅋㅋㅋㅋㅋㅋㅋㅋㅋㅋㅋㅋㅋㅋㅋㅋㅋㅋㅋㅋㅋㅋㅋㅋㅋㅋㅋㅋㅋㅋㅋㅋㅋㅋㅋㅋㅋㅋㅋㅋㅋ
1509162064,오토코노코,페이커 뿌듯해하고잇다
1509162064,소원,ㅋㅋㅋㅋㅋㅋㅋㅋㅋㅋㅋㅋㅋ
1509162064,vioproc,린-정
1509162064,Swordofwind,자신감ㅋㅋㅋㅋㅋㅋㅋㅋㅋ
1509162064,lbc3094,우승에 미친 새됐네
1509162064,비유띠,?
1509162064,teb5764,인정합니다
1509162064,upjuda,겸 ㅡ 손
1509162064,누누야똥누누,대 갓 빛
1509162065,이규자,이래서 슈퍼스타지 ㅋㅋ
1509162065,아밀레이스,결론 : 내가 잘했다.
1509162065,둘동,자신감 좋아
1509162065,orgalallin,겸ㅡㅡㅡ손
1509162065,도루묵,ㅋㅋㅋㅋㅋㅋㅋㅋㅋㅋㅋㅋㅋㅋ
1509162065,저항세력,호민갓 싱글벙글
1509162065,yoohoobaba,와 겸손한거봐 ㄷ
1509162065,프로콘,샥즈 당황한다
1509162065,vanilalmond91,겸손 그자체
1509162065,yapyapGamza,갈갈갈갈갈
1509162065,응차단,잘난척이 아니라 팩트 그 자체
1509162065,kozel_cinnamon,빛 상 혁
1509162065,사이키델릭猫,인터뷰마저도 통역배려
1509162065,익준이,ㅇㅈㅇㅈㅇㅈ빛빛빛
1509162065,qmffhrm1448,ㅇㅈ
1509162065,펜이,책읽는 갈리오;
1509162067,trepanning,거ㅡㅡ만
1509162067,푸피포,겸손
1509162067,yuiluv,ㅋㅋㅋㅋㅋㅋㅋㅋㅋㅋ
1509162067,풍형지옥보내줄게,skt 갈리오 나오겠다
1509162067,호로롱불,ㅋㅋㄱㄱ
1509162067,DBoong3222,ㅋㅋㅋㅋㅋㅋㅋㅋㅋㅋㅋ
1509162067,멀위,갈리5 ㅎㄷㄷ
1509162067,레이37,ㅋㅋㅋㅋㅋㅋㅋㅋㅋㅋㅋ
1509162067,yoon4538,ㅋㅋㅋㅋㅋㅋㅋㅋㅋㅋㅋㅋㅋㅋㅋ
1509162067,sighwhale,낫 어썸
1509162067,아리솔,넘나 겸손하자너 ㅡㅡ
1509162067,heowon8867,동의 어 보감
1509162067,옿홍옹홓,통형 싱글벙글 ㅋㅋㅋㅋㅋ
1509162067,asdf0124,으쓱으쓱
1509162067,rechido7983,ㅋㅋㅋㅋㅋㅋㅋㅋㅋㅋㅋ
1509162067,sgkdh48,ㅋㅋㅋㅋㅋㅋㅋㅋㅋㅋㅋㅋㅋㅋㅋㅋㅋㅋㅋㅋㅋㅋ
1509162067,jypark2934,빛이커
1509162067,천리안,페이커: 실수를 하긴 했지만 내가 갈리오 잘했지. 에헴
1509162067,꽃졸,ㅋㅋㅋㅋㅋㅋㅋㅋㅋㅋㅋㅋㅋㅋㅋㅋㅋㅋㅋㅋㅋㅋㅋㅋㅋ
1509162067,니나노강화제,ㅋㅋㅋㅋㅋㅋㅋㅋ
1509162067,싼타,겸손한거보소
1509162067,epqlfdosdpsw,샥즈 웃네 ㅋㅋ
1509162067,Va1lhal1a,겸-손 ㅋㅋㅋㅋㅋㅋㅋㅋㅋㅋㅋㅋㅋㅋㅋ
1509162068,jeongjude22,자신감 무엇ㅋㅋㅋㅋㅋㅋㅋㅋㅋㅋㅋㅋㅋㅋㅋㅋㅋㅋ
1509162068,삼간,ㅋㅋㅋㅋㅋㅋㅋㅋㅋㅋㅋㅋㅋㅋㅋㅋㅋ
1509162068,leegimin1213,9/9/26
1509162068,독막,더웃긴건 저렇게 말해도 뭐라할수가없다 ㅋㅋㅋㅋㅋㅋㅋㅋㅋㅋㅋㅋㅋ
1509162068,cyanphon,PogChamp PogChamp PogChamp PogChamp
1509162068,예히나탈,너무 겸손한데
1509162068,로샤린,받을줄 알고 있었다
1509162068,빛상혁,캬 겸손
1509162068,오구리폴구리,서양누나 놀랬따
1509162068,garisak,ㅋㅋㅋㅋㅋㅋㅋㅋㅋㅋㅋㅋ
1509162068,혁준이꼭지찌개,ㅁㅇㅁㅇㅁㅇㅁㅇ
1509162068,폴조지,샥즈 좋아죽엌ㅋㅋㅋ
1509162068,러시드,ㅋㅋㅋㅋㅋㅋ
1509162068,조미료덩어리,ㅋㅋㅋㅋㅋㅋㅋㅋㅋㅋㅋㅋㅋㅋㅋㅋㅋㅋㅋㅋㅋㅋㅋㅋㅋㅋㅋㅋ
1509162068,mh9340,대 겸 손
1509162070,junhyeok137,울프 ㅇㄷ?
1509162070,황소상어,겸손 하네
1509162070,dlwlsgod5555,페이커는 이렇게 말해도되
1509162070,고출력수컷,거--만 왕의 자세
1509162070,옵치롤하스,빛 빛 빛
1509162070,레비_,당황 ㅋㅋ
1509162070,블랙베리,겸-손
1509162070,나이스맥스,실수는 했지만 난 잘한다
1509162070,voidraylola,클템 웃음참기중ㅋㅋㅋㅋㅋㅋㅋㅋㅋㅋㅋㅋ
1509162070,삼촌,페친넘 ㅋㅋㅋㅋㅋㅋㅋㅋㅋㅋㅋㅋㅋ
1509162070,이겜하고싶음,아이 겸-손해 ㅋㅋㅋㅋㅋㅋㅋㅋㅋㅋㅋ
1509162070,bigperson11,겸ㅡㅡㅡ손
1509162070,eternal_law,거ㅡㅡㅡㅡ만
1509162070,cleanpull,인-정ㅋㅋㅋㅋㅋㅋㅋㅋㅋㅋㅋ인-정ㅋㅋㅋㅋㅋㅋㅋㅋㅋㅋㅋ인-정ㅋㅋㅋㅋㅋㅋㅋㅋㅋㅋㅋ
1509162070,Kstaring7,개그ㅋㅋ
1509162070,하루한번사랑합니다,ㅋㅋㅋㅋㅋㅋㅋㅋㅋㅋㅋㅋㅋㅋㅋㅋㅋㅋㅋ
1509162070,커먼센스,으쓱~
1509162071,sangb1392,페이커 이정도면 겸손하다
1509162071,붕아너의미래다,ㅋㅋㅋㅋㅋㅋㅋㅋㅋㅋㅋㅋㅋㅋㅋㅋㅋㅋㅋㅋㅋㅋㅋㅋㅋㅋ
1509162071,숲아,멋져멋져
1509162071,eskatin,치즈 빵터짐.ㅋㅋ
1509162071,Sunny_Gun,ㅋㅋ
1509162071,핳하,겸----손
1509162071,poisonpink,당황
1509162071,겨자소스,인터뷰 경험치 만렙ㅋㅋㅋㅋ
1509162071,공인회계사,겸ㅡㅡㅡㅡㅡㅡㅡㅡㅡㅡㅡㅡㅡㅡㅡㅡㅡ손
1509162071,eungmin87,겸손
1509162073,Axlash96,나갈잘ㅋㅋㅋㅋ
1509162073,Eun05231,너무 겸손한데
1509162073,가츠동,우서?
1509162073,입석,ㅋㅋㅋㅋㅋㅋㅋㅋㅋㅋ
1509162073,리얼루혼밥충,이게 슈퍼스타야
1509162073,까마구는바버야,부정못함;
1509162073,mihaelsam,겸손그자체 ㅋㅋㅋㅋㅋㅋ
1509162074,싹둑,"욕설, 인신공격, 도배, 음란성 채팅은 제재 대상이 되오니 주의 당부 드립니다."
1509162074,13월의엘리스,으쓱
1509162074,lightsun0801,통형 웃고있다 ㅋㅋㅋ
1509162074,포레스트포맨,ㅇㅈ한다
1509162074,pmgdd,통역 편ㅡㅡㅡ안
1509162074,kth7946,실수가 많앗다고..?
1509162074,초그민,샥즈 웃는거봐 ㅋㅋㅋㅋㅋㅋㅋㅋㅋㅋㅋ
1509162074,해상병,겸ㅡㅡㅡㅡㅡㅡㅡ손
1509162074,오티즈,샥즈 당황 ㅎ
1509162074,잘생긴게죄다,인정합니다
1509162074,히이잌,?? ? : 내가 잘했다
1509162074,passion1265,빛 상 혁
1509162075,다움베베,인정합니다~
1509162075,트둥이가떴습니다,유모감각까지
1509162075,sdcloud317,아 이거 레딧반응 보고 싶다
1509162075,하누아주,겸손하네
1509162075,그림자의달,샥즈 당황 ㅋㅋㅋㅋㅋㅋㅋ
1509162075,이야이거쩐다잉,ㅋㅋㅋㅋㅋㅋㅋㅋㅋㅋㅋㅋㅋㅋ
1509162075,나민철,킹짱혁 멋..져
1509162075,어떻게하라고,겸---손
1509162075,원더랜드,이건 부정할수가 없어
1509162075,풍뎅이해적단,부정못함
1509162075,Pmsk7002,흑화했네 상혁이
1509162075,아담한,반박할수가 없어...ㅠ
1509162075,노을군,빛 빛 빛
1509162076,fbtldhks,육------만
1509162076,rkdrbs23,내가잘했다
1509162076,트위치는원딜,빛-상-혁
1509162076,kensiro92,킹빛갓
1509162076,세헤라자드,겸손하네 끄덕끄덕 넌 워낙 잘해서 부정할수가 없다ㅋㅋㅋ
1509162076,괴벨스텔스,인성까지 완벽
1509162076,주니주니원,사ㅡㅡㅡㅡㅡㅡㅡ실
1509162076,오르피나,인----정
1509162077,zcxvadsfqeer,페이커 : 배고파서 빨리 끝내고싶다
1509162077,바지락칼콕스,꽁트보소 ㅋ
1509162077,stylemiss,겸손 ㅋㅋ
1509162077,ledfg7,부정불가
1509162077,지뢰맨,헁
1509162077,응못이겨,샥스 당 ㅡㅡㅡ 황
1509162077,Kharute,역시 왕이다
1509162078,miriamrbb,<3
1509162078,a0kyu0q,겸ㅡㅡㅡㅡㅡ솜
1509162078,drchdahee2,페이커 겸손~
1509162078,w1ndrake,겸-손
1509162078,오징어맛단팥빵,그저 빛 빛 빛
1509162078,꾸웨에,우리혁 인터뷰도 센스있는거봐
1509162078,김떡만,겸손혁
1509162078,밥솥에는,겸-손 그자체
1509162078,osu_5ex,빛 상 혁
1509162079,bearwithnipper,ㅋㅋㅋㅋㅋㅋㅋㅋ 개 겸손하네
1509162079,kzsr273,ㅋㅋㅋㅋㅋㅋㅋㅋㅋㅋㅋㅋㅋㅋ
1509162079,탈보라,인터뷰 개잘해 ㅋㅋㅋㅋㅋㅋ
1509162079,어랏,인정
1509162079,안녕룩삼로봇,????????..........근본어디 ㄷㄷㄷㄷㄷㄷㄷ
1509162079,루프이,ㅋㅋㅋㅋㅋㅋㅋㅋㅋㅋㅋㅋㅋㅋㅋ
1509162079,경상도백수,쟤 왜 빠커한테만 끼부리냐
1509162079,도토리,커엽ㅋㅋ
1509162080,eluna83,실수가 많았지만 응 mvp
1509162080,sang5052003,눈부신 후광
1509162080,nohostt,샥즈 쌌네
1509162080,달랑벨,뭐라고하고싶은데 뭐라할수가없다
1509162081,그거그거,저정도 말해도 됨 페이커니까
1509162081,qqqq784512,미쳤넼ㅋㅋㅋㅋㅋㅋㅋㅋㅋㅋ
1509162081,공익따무새,그저 빛
1509162081,바삭한커피콩,여___유
1509162081,미사갓,끄덕끄덕
1509162081,싸펑피펑1982,반박불가다 진심 ㅡㅡ ㅇㅈ
1509162081,파르패,페이커 시선처리 좋다
1509162081,oxidecircle,갈리오로 킬관여 79%라니 저게 사람이냐
1509162082,미스터콩,우쭐우쭐
1509162082,끠넛끠넛,ㅋㅋㅋㅋㅋㅋㅋㅋㅋㅋㅋㅋㅋㅋ
1509162082,부랑자,ㅋㅋㅋㅋㅋㅋㅋㅋㅋㅋㅋ
1509162082,세류아,겸손
1509162082,sa2daman,페이커는 저래도 대!
1509162082,아칼린,근데 저렇게 말해도 부정할수가 없다 ㅋㅋㅋㅋㅋㅋㅋㅋㅋㅋㅋㅋㅋㅋㅋㅋ
1509162082,bellhorn9602,겸 ㅡ 손
1509162082,콩찹쌀떡,끄덕
1509162082,갓중갓,인터넷 숙련도 풀로 찍었자너 ㅋㅋㅋㅋㅋㅋㅋ
1509162082,bebulu724,4경기에서 한번 던진거 빼고는 무결점 플레이어였음
1509162082,게임왕김독서,원래 잘해서 안놀라움ㅋ
1509162082,jhsjhs8896,겸^ㅡㅡㅡㅡㅡㅡㅡㅡㅡㅡ^손
1509162083,Ok_NotOk,페이커식 개-그
1509175546,연애원리,이건 3:ㄹ
1509162083,요맘땡,샥스 꼬리치지마라
1509162083,HappySylva,샥스를웃기는남자 빛상혁.
1509162083,공기구름,겸손 ㅋㅋㅋㅋㅋㅋㅋㅋㅋㅋ
1509162084,skyofsoul,자신감 개쩔
1509162084,포이즈,알아듣는척 ㄷㄷㄷㄷ
1509162084,플라워댄스,저건 겸손이 아니고 인정이지
1509162084,캐미,페이커니까 저렇게 말해도 돼 ㅋㅋㅋㅋㅋ
1509162085,클래스4,not suprise
1509162085,홍맥,슼이김???
1509162085,DokdoJikimi,빛 상 혁
1509162085,주인님의충직한개입니다,알아듣는척ㅋㅋㅋㅋ
1509165302,GodtoMegami,끄덕끄덕?
1509162086,paori2,센빠이 영어 이해하는척 끄덕 ㅋㅋㅋ
1509162087,bestreply,5갱/
1509165311,익준이,빛..
1509162087,nes21tiaiti,샥즈 끼부리네 ㅋㅋ
1509162087,As3654789,인터뷰 경험치만렙 ㅋㅋㅋ
1509162087,jkjaguar,인터뷰 왕
1509162088,포브센세,끄덕끄덕혁
1509162088,꼬마티슈,배고픔드립 ㅎㄷㄷ
1509162088,ucjin,겸 ㅡㅡㅡㅡㅡㅡㅡㅡㅡ손
1509162089,술이들어간다,내가 잘햇닼ㅋㅋㅋㅋㅋㅋㅋㅋㅋㅋㅋㅋㅋ
1509162090,최이커,빛ㅊㅊㅊㅊㅊㅊㅊ사랑해
1509162090,thtlwl96,흐———————뭇
1509162091,Hyenakorea,멋져
1509162091,낭만모기,쟤 페이커 팬임
1509162092,고양이수염,79% 킬 관여 미드
1509162092,뭐야이건왜안돼,끄덕충
1509162092,young0411w,빛 그 자체 '럭스'
1509162092,타마냥,ㅋㅋㅋㅋㅋㅋ
1509162093,드래공,귀여워 ㅋㅋㅋㅋㅋㅋㅋㅋㅋㅋ
1509162093,탱커아님,맘가
1509162095,뿅강이,빠커형 사랑해요
1509162095,reignoldridge,고전파
1509162095,아노씌,옷 ㄹㅇ 카서스같네
1509162096,도루묵,인터뷰 왕이래 ㅋㅋ
1509162096,펜이,야레야레
1509162097,팥덕후,?????
1509162097,Flight_Attend4nt,샥즈한테 따먹히고싶다
1509162098,yoon4538,찌익
1509162099,도덕경,5꽉충
1509162099,레이37,끄덕
1509162099,Rbyun3,Demㅇn King
1509162100,talitha9mi,ㅋㅋㅋㅋㅋㅋㅋㅋㅋㅋ 누가 페이커팬임 /
1509162100,rhrhdxhd,인터뷰하면서도 무빙치는거봐 역시 세체미다
1509162100,잉여의길,그립습니다 쪼임정..
1509162100,lapascal,대 ㅡㅡㅡㅡㅡㅡㅡㅡ 상 ㅡㅡㅡㅡㅡㅡ 혁
1509162100,Dong2591,보관
1509162100,abenana0515,겸ㅡㅡㅡㅡㅡ손
1509162101,우비를쓰자,페이커 개그 욕심 생겼네 ㅋㅋㅋㅋㅋㅋㅋㅋㅋㅋㅋ
1509162101,Sweetsay,갓갓갓
1509162101,칼라볼그,인터뷰를 많이 해봐서 이젠 농담도 잘하네
1509162101,단풍의노래,ㅜㅜ
1509162101,vaal5003,?
1509162101,bestsub07,몇대몇임
1509162101,ohyhmlov,난 잘하지만 팀이 부족하다
1509162101,개포동건물주,보관
1509162101,jiseok03,?
1509162101,vmflstptm,'고전'을 겪어 ㄷㄷ
1509162102,폴조지,나는 잘하는데 우리편은 못해
1509162102,키약,다음엔 3대떡을하겠다 ㄷㄷㄷㄷ
1509162102,티모장인,언제까지 부족?
1509162102,위고노리찌,캬 ㅋㅋ
1509162102,츠봄이,보관
1509162102,김여사오른팔,부족하대 ㅋㅋㅋ
1509162102,김걔미,ㅋㅋㅋㅋㅋㅋㅋㅋㅋㅋㅋㅋㅋㅋ
1509162102,딸기바나나사과,?
1509162103,구로구,??
1509162103,kozel_cinnamon,미쳤다
1509162103,다음생은조강현으로,캬 ㄷㄷ
1509162103,abysswinter,우린 아직 부족한것이 많다
1509162103,Coldcherry,페이커 머리스타일 바꾸니 엄청 잘생겨졌네 ㅋㅋ
1509162103,응차단,샥즈 한국말 알아들음? 왜 고개 끄덕임?
1509162103,tkddlzh,ㅋㅋㅋㅋㅋㅋ
1509162103,margaux0704,대 상 혁
1509162103,목표는어디,캬
1509162103,어비스22,스웩
1509162104,unitel24,크
1509162104,하루한번사랑합니다,고전파
1509162104,renoak,삼대영 선언
1509162104,춘샷건,ㅋ ㅑ ~~~~
1509162104,치토끼,ㅋㅋㅋㅋㅋㅋㅋㅋㅋㅋㅋㅋㅋㅋ
1509162104,랑땡,네?ㅋㅋㅋㅋㅋㅋㅋㅋㅋㅋㅋㅋㅋㅋ엌
1509162104,콩나물팍,배가고파욬ㅋㅋㅋ
1509162104,lazca7,ㅋㅋㅋㅋㅋㅋㅋㅋㅋㅋ
1509162104,후르츄,겸ㅡㅡㅡ손
1509162104,김기영,크 ㅋㅋㅋ
1509162104,dovoodoo1,ㄷ;
1509162104,도리카무,나는 잘하지만 저희는 부족합니다
1509162104,날아간꿈,ㅋㅋㅋㅋㅋㅋㅋㅋㅋㅋㅋ
1509162104,koreamm,승승승???
1509162104,건설로봇30003호,대 전 파
1509162105,jason3984,ㅋㅋㅋㅋㅋㅋㅋㅋㅋㅋㅋㅋㅋㅋㅋㅋㅋ
1509162105,gate214,?
1509162105,17씹삼,??
1509162105,황물기,미친 ㅋㅋㅋㅋㅋㅋㅋㅋㅋ
1509162105,알디,끄덕
1509162105,서네서네,?
1509162108,라플라스,3대떡 ㄷㄷ
1509162108,미니온,ㅋㅋㅋㅋㅋㅋㅋㅋㅋㅋㅋㅋㅋㅋㅋㅋㅋㅋㅋ
1509162108,apjeji,겸ㅡㅡㅡㅡㅡ손
1509162108,비밀의문,ㅋ ㅑ
1509162108,MEtwicha,ㅋㅋㅋㅋㅋㅋㅋㅋㅋㅋㅋㅋㅋㅋㅋㅋ
1509162108,everglee,3경기 ㅋㅋ
1509162108,응못이겨,결승전 3대영 선언
1509162108,황혼의집정관,ㅇㅈ
1509162108,원더랜드,부족 ?
1509162108,사랑의밧데리,zzzzzzzzzzzzzzzzzzzzz
1509162108,비련,3대0 선언 ㅋㅋ
1509162108,minSP,ㅋㅋㅋㅋㅋㅋㅋㅋㅋㅋㅋㅋㅋㅋㅋㅋ
1509162108,wlgh5060,ㄷㄷㄷㄷㄷㄷㄷㄷㄷㄷㄷㄷㄷ
1509162108,보름달이지는날,엉엉엉엉ㅇ엉엉
1509162108,까스미,3경기 ㅋㅋㅋㅋㅋㅋㅋㅋㅋㅋㅋㅋㅋ
1509162108,호로로롯,세경기안 ㅋㅋㅋㅋㅋㅋㅋ
1509162108,팟티다팟티,빛 상 혁
1509162108,꽃으로말한다,??
1509162108,넘브,보관을 해서...
1509162108,머머리,빛빛빝
1509162108,MWXXXX,3경기 안
1509162108,헷지입니다,겸손ㅜㅜㅜㅜㅜㅜㅜㅜㅜㅜㅜㅜㅜㅜㅠㅜㅜㅜ
1509162108,한만두,3대떡 예고 ㄷㄷ
1509162108,똘판다,3경기 안으로?
1509162108,mycho2425,세경기 안 ㄷㄷ
1509162109,케이리튬,ㅋㅋㅋㅋㅋㅋㅋㅋㅋㅋㅋㅋㅋㅋㅋㅋㅋㅋㅋㅋㅋㅋㅋㅋㅋㅋㅋㅋ
1509162109,Milkmuch91,3대떡을 할거다
1509162109,보로곰,ㅋㅋㅋㅋㅋㅋㅋㅋㅋㅋㅋㅋㅋㅋㅋㅋ
1509162109,upjuda,세경기 안으로
1509162109,군나르,ㅋㅋㅋㅋㅋㅋㅋㅋㅋㅋㅋㅋ
1509162109,royalchris,3경기 안으로...?
1509162109,원을,보관
1509162109,mihaelsam,ㅋㅋㅋㅋㅋㅋㅋㅋㅋㅋㅋㅋㅋㅋㅋㅋㅋㅋㅋㅋㅋㅋㅋ
1509162109,eofus1,ㅋㅋㅋㅋㅋㅋㅋㅋㅋㅋㅋㅋㅋ
1509162109,motsin,왘ㅋㅋㅋㅋㅋㅋㅋㅋㅋㅋㅋㅋㅋㅋㅋㅋㅋ
1509162109,gha561,3경기요?
1509162109,kyungbae9129,뭐야 ㅋㅋㅋㅋㅋㅋㅋㅋㅋㅋㅋㅋㅋㅋㅋㅋㅋ
1509162109,츠으키,ㅋㅋㅋㅋ
1509162109,오뎅장수,류...
1509162109,봉식이다,ㅋㅋㅋㅋㅋㅋㅋㅋㅋㅋㅋㅋㅋ
1509162109,달콤한옛추억,PogChamp PogChamp PogChamp
1509162109,wenzdei,ㅋㅋㅋㅋㅋㅋㅋㅋㅋㅋ
1509162109,러블리홍,ㅋㅋㅋ
1509162109,nohostt,3:0 선언
1509162109,vjfjdfkqpf,?
1509162112,시간의계약,결승은 3대0이다
1509162112,힐트,?
1509162112,갱맥,ㅋㅋㅋㅋㅋㅋㅋㅋㅋㅋㅋㅋㅋ
1509162112,Cheajong,ㄷㄷㄷ
1509162112,인생은고통띠,나는 배가 고프다
1509162112,지렁이야,3경기 선언 ㄷㄷ
1509162112,06_02_04,ㅋㅋㅋㅋㅋㅋㅋㅋㅋㅋㅋㅋㅋㅋㅋㅋㅋㅋㅋ
1509162112,여포신봉선,ㅋㅋㅋㅋㅋㅋㅋㅋㅋㅋㅋㅋ배가 고프다 ㅋㅋㅋㅋㅋㅋㅋㅋㅋㅋㅋ
1509162112,alstn51514,?ㅋㅋㅋㅋㅋㅋㅋㅋㅋㅋㅋㅋ
1509162112,hyolz86,????
1509162112,중간거점,?
1509162112,언제나충성을,ㅋㅋㅋㅋㅋㅋㅋㅋㅋㅋㅋㅋㅋㅋㅋㅋ
1509162112,Kjang112,3:0 선언
1509162112,프로듀스101일픽흐앙님,겸 ㅡㅡㅡ손
1509162112,배구멍,ㅋㅋㅋㅋㅋ
1509162112,vlsns2,ㅋㅋㅋㅋㅋㅋㅋㅋㅋㅋㅋㅋㅋㅋㅋㅋㅋㅋㅋㅋㅋㅋㅋㅋㅋㅋㅋㅋㅋㅋㅋㅋㅋㅋㅋㅋㅋ
1509162112,jellykon,ㅋㅋㅋㅋㅋㅋㅋㅋㅋㅋㅋㅋㅋㅋㅋㅋㅋㅋㅋㅋㅋㅋ
1509162112,secretkitchen,ㅋㅋㅋㅋㅋㅋㅋㅋㅋㅋㅋㅋㅋㅋㅋㅋㅋㅋ
1509162112,이스펠트,세경기 안으로 이긴대 ㅋㅋㅋㅋㅋㅋㅋㅋㅋㅋㅋ
1509162112,故브베맘,ㅋㅋㅋㅋㅋ
1509162112,지코응딩이,부족해서 일부러 5경기했다
1509162112,mstbtfl,ㅋㅋㅋㅋㅋㅋㅋㅋㅋㅋㅋㅋㅋㅋㅋㅋㅋㅋㅋㅋㅋㅋㅋㅋㅋㅋㅋㅋㅋㅋㅋㅋㅋㅋㅋ
1509162112,nojuorm,ㅋㅋㅋㅋ 완승선언ㅋㅋ
1509162112,요피_,ㅋㅋㅋㅋㅋㅋㅋㅋㅋㅋㅋㅋㅋㅋㅋㅋㅋㅋㅋㅋㅋㅋㅋㅋㅋㅋㅋㅋㅋㅋ
1509162112,살살살,ㅋㅋㅋㅋㅋㅋㅋㅋㅋㅋ
1509162112,서더,ㅋㅋㅋㅋㅋㅋㅋㅋㅋㅋㅋ
1509162112,연치과원장,ㅈ
1509162112,cmy56312,ㅋㅋㅋㅋㅋㅋㅋㅋㅋㅋㅋㅋㅋㅋ
1509162112,최희진,zzzzzzzzzzzzzzzzzzzzzzzzzzzzzzzzzzzzzzzzzz
1509162112,Intel329,ㅋㅋㅋㅋㅋㅋㅋㅋㅋㅋㅋㅋ
1509162115,bluespeea,ㅋㅋㅋㅋㅋㅋㅋㅋㅋㅋㅋㅋㅋㅋㅋㅋㅋㅋㅋ
1509162115,티무르,배고픈혁
1509162115,윾민수,3경기?
1509162115,주인님의충직한개입니다,?
1509162115,hm94205,ㅋㅋㅋㅋㅋㅋㅋㅋㅋ
1509162115,꾸웨에,ㅋㅋㅋㅋㅋㅋㅋㅋㅋㅋㅋㅋㅋㅋㅋㅋㅋㅋㅋㅋㅋ 바나나 도핑
1509162115,kloto00,ㅋㅋㅋㅋㅋㅋㅋㅋㅋㅋㅋㅋㅋㅋㅋㅋㅋ
1509162115,dalyoyil,?
1509162115,Ves0123,배고픈 상혁 ㄷㄷ
1509162115,못자겠어,ㅋㅋㅋㅋㅋㅋㅋㅋㅋㅋㅋㅋㅋㅋㅋㅋ
1509162115,jeongjude22,ㅋㅋㅋㅋㅋㅋㅋㅋㅋㅋㅋㅋㅋㅋㅋ
1509162115,whitebrownco,???
1509162115,해리콥터,패기 ㅋㅋㅋㅋㅋㅋㅋㅋㅋㅋㅋㅋㅋ
1509162115,캐미,아임 스틸 헝그리
1509162115,Lyi3967,배가고파섴ㅋㅋ
1509162115,kimotti7656,ㅋㅋㅋㅋㅋㅋㅋㅋㅋㅋㅋㅋㅋㅋㅋㅋㅋㅋㅋㅋㅋㅋㅋㅋㅋㅋㅋㅋㅋㅋㅋㅋ
1509162115,900225년생,ㅋㅋㅋㅋㅋㅋㅋㅋㅋㅋㅋㅋㅋㅋㅋㅋㅋㅋㅋㅋㅋㅋㅋㅋㅋ
1509162115,limstone1,겸손
1509162115,가령,ㅋㅋㅋㅋㅋㅋㅋㅋㅋㅋㅋㅋㅋㅋㅋㅋㅋㅋㅋㅋㅋㅋㅋ
1509162115,As3654789,ㅋㅋㅋㅋㅋㅋㅋㅋㅋ
1509162115,whiplashtome,ㅋㅋㅋㅋㅋㅋㅋㅋㅋㅋㅋㅋㅋㅋㅋㅋㅋㅋㅋㅋㅋㅋㅋㅋㅋㅋㅋㅋㅋㅋㅋㅋㅋㅋㅋㅋㅋ
1509162115,은지바라기_송라비,바나나를 대령하라
1509162115,raisonbe,삼대떡 시전 ㅋㅋㅋㅋㅋㅋㅋㅋㅋㅋㅋㅋㅋㅋㅋㅋ
1509162115,김득득,먼소리야 ㅋㅋㅋㅋㅋㅋㅋㅋㅋㅋㅋㅋㅋㅋㅋㅋㅋㅋㅋㅋㅋㅋㅋㅋㅋㅋㅋㅋㅋㅋㅋㅋㅋㅋㅋㅋㅋㅋㅋㅋㅋㅋㅋ
1509162115,감지니어,ㅋㅋㅋㅋㅋㅋㅋㅋㅋㅋㅋㅋㅋㅋㅋ
1509162115,SSS_sss_SSS_sss,뭐라는거냐 ㅋㅋㅋㅋㅋ
1509162115,zkawkxkd,에반데
1509162115,흰색까마귀,ㅋㅋㅋㅋㅋㅋㅋㅋㅋㅋㅋㅋㅋㅋㅋㅋㅋㅋㅋㅋㅋㅋㅋ
1509162115,진짜힙합,밥메타
1509162115,어떻게하라고,밥
1509181308,로아카,ㅋㅋㅋㅋㅋㅋㅋㅋㅋㅋㅋ
1509186192,Kuzel,ㅋㅋㅋㅋㅋㅋㅋㅋㅋㅋㅋㅋㅋ
1509162118,6층석탑,ㅋㅋㅋㅋㅋㅋㅋㅋㅋ
1509162118,츄잉하트,ㅋㅋㅋㅋㅋㅋㅋㅋㅋㅋㅋㅋㅋ
1509162118,서렌쳐,ㅋㅋㅋㅋㅋㅋㅋㅋㅋㅋㅋㅋㅋㅋㅋㅋㅋㅋㅋㅋㅋㅋㅋㅋㅋㅋㅋㅋㅋㅋㅋㅋㅋㅋㅋㅋㅋㅋ
1509162118,초원이야,나는배가고프다 ㅋㅋ
1509162118,qwerre123,ㅋㅋㅋㅋㅋㅋㅋㅋㅋㅋㅋㅋㅋㅋㅋㅋㅋㅋㅋㅋㅋㅋㅋㅋㅋㅋㅋㅋㅋㅋㅋㅋ
1509162118,보고싶구낭,이걸 바나나가
1509162118,슴쨩,ㅋㅋㅋㅋㅋㅋㅋㅋㅋㅋㅋㅋㅋㅋㅋㅋㅋㅋ
1509162118,한국제록스,ㅋㅋㅋㅋㅋㅋㅋㅋㅋㅋㅋㅋ
1509162118,lis0920,ㅋㅋㅋㅋㅋ
1509162118,tkdldh1,ㅋㅋㅋㅋㅋㅋㅋ
1509162118,파르패,ㅋㅋㅋㅋㅋㅋㅋㅋㅋㅋㅋㅋㅋㅋㅋ
1509162118,qwertyuser_,ㅋㅋㅋㅋㅋㅋㅋㅋㅋㅋㅋㅋㅋㅋㅋㅋㅋ
1509162118,무시무시한곰보,빛 상 혁
1509162118,행복의재발견,나는 배가고프다
1509162118,LesPlus,나는 배고프다
1509162118,성자,ㅋㅋㅋㅋㅋㅋ
1509162118,ㅇㅈㅇㄴ,ㅋㅋㅋㅋㅋㅋㅋㅋㅋㅋㅋ
1509162118,오스스카,나는 아직 배고프다
1509162118,푸으으으으린,배가고파서 결승우승하겟다
1509162118,서쉘,배가고파 ㅋㅋㅋㅋㅋㅋ
1509162118,백수의왕,밥 ㅋㅋ
1509162118,곰친,ㅋㅋㅋㅋㅋㅋㅋㅋㅋㅋㅋㅋㅋㅋㅋㅋㅋㅋㅋㅋㅋㅋㅋㅋㅋㅋㅋㅋㅋㅋㅋㅋㅋㅋㅋㅋㅋㅋㅋ
1509162118,malrangmalrang,ㅋㅋㅋㅋㅋㅋㅋ
1509162118,현이,ㅋㅋㅋㅋㅋㅋㅋㅋㅋㅋㅋㅋㅋㅋㅋㅋㅋㅋㅋㅋㅋㅋㅋㅋㅋㅋㅋㅋㅋㅋㅋㅋㅋ
1509162118,skyblue1072,세경기 안 ㅋㅋㅋㅋㅋ
1509162118,펩시톡톡톡,결승전 3:0선언
1509162118,jajangmun,배가고파서 빨리밥먹고싶어
1509162118,j65697,ㅋㅋㅋㅋㅋㅋㅋㅋㅋㅋㅋㅋㅋㅋㅋㅋㅋㅋㅋㅋㅋㅋㅋㅋㅋㅋㅋㅋㅋㅋㅋㅋㅋㅋㅋㅋㅋㅋㅋㅋㅋㅋㅋㅋㅋ
1509162118,빈말,ㅋㅋㅋㅋㅋㅋㅋㅋㅋㅋㅋㅋ
1509162118,2plays5,ㅋㅋㅋㅋㅋㅋㅋㅋㅋㅋㅋㅋㅋㅋㅋㅋㅋㅋㅋㅋㅋㅋㅋ
1509187348,히히힝,ㅇ
1509162121,풍형지옥보내줄게,3:0선언
1509162121,はやみかなで,롤드컵은 둘째다 일단 배가고프다
1509162121,어랏,3:0
1509162121,chws0508,??ㅋㅋㅋㅋㅋㅋ
1509162121,bigperson11,3경기 떡을 치겠다
1509162121,술이들어간다,이자식ㅋㅋㅋㅋㅋㅋㅋㅋㅋㅋㅋㅋ
1509162121,ssumday,ㅋㅋㅋㅋㅋㅋㅋㅋㅋㅋㅋㅋ
1509162121,시성,ㅋㅋㅋㅋㅋㅋㅋㅋㅋㅋㅋㅋㅋㅋ
1509162121,포돌2,대 상 혁
1509162121,qudtn1353,인터뷰 뭐임
1509162121,aletheiage,3:0선언 ㄷㄷ
1509162121,dltmdals4456,ㅋㅋㅋㅋㅋㅋㅋㅋㅋㅋㅋㅋㅋㅋ
1509162121,kbkb33,바ㅏ나나!!
1509162121,탱커아님,대 상 혁
1509162121,성훈이,바나나를 먹어야지
1509162121,suiruel,ㅋㅋㅋㅋㅋㅋㅋㅋㅋㅋㅋㅋㅋㅋㅋㅋㅋㅋㅋㅋㅋㅋㅋㅋㅋㅋ
1509162121,leewhytt,??????/?
1509162121,나민철,배고파서 단군하고싶다
1509162121,머마이,대 이 커
1509162121,꿈꾸는사막여우,배고픈 페이커 ㅋㅋㅋㅋ
1509162121,Jin3404,나는 아직도 배가 고프다
1509162121,eungmin87,겸-손
1509162121,세헤라자드,3:0 예고ㄷㄷ
1509162121,테페른,조크 ㅋㅋㅋ
1509162121,olightup,배고픈....
1509162121,블블갓겜,ㅋㅋㅋㅋㅋㅋㅋㅋ
1509162121,jkjaguar,배고파서 3경기안에 끝내겠다 ㅋㅋㅋㅋㅋㅋㅋㅋㅋㅋㅋㅋㅋㅋㅋㅋㅋㅋㅋㅋㅋㅋㅋㅋㅋㅋㅋㅋ
1509328360,xmdnlcltkfkd,나는 아직 배가 고프다
1509162124,sirumsirum,배가 고파서 빨리 끝내겠다 ㅋㅋ
1509162124,프라니,나는 배고프다
1509162124,HappySylva,밥먹자~!
1509162124,정사각형,배고파서 3
1509162124,dorian_sk,ㅋㅋㅋㅋㅋㅋㅋㅋㅋㅋㅋㅋㅋㅋㅋ
1509162124,Lylandris,아무말ㅋㅋㅋㅋㅋㅋ
1509162124,리페,3:0
1509162124,이겜하고싶음,페이커: 배가 고파서 담부턴 3경기만에 끝내겟다
1509162124,Tthoto,3경기안 ㅋㅋㅋㅋ
1509162124,기본권,배고파
1509162124,레바참치,예능감 무엇 ㅋㅋㅋㅋ
1509162124,ojin12,ㅋㅋㅋㅋㅋㅋ
1509162124,곰은문이다,ㅋㅋㅋㅋㅋㅋㅋㅋㅋ
1509162124,마츠브,배고픈 상혁ㅋㅋㅋㅋㅋㅋㅋㅋㅋㅋㅋ
1509162124,kdskim90,밥이야깈ㅋㅋㅋㅋ
1509162124,펌킨헤드,든든
1509162124,aryun3,ㅋㅋㅋㅋㅋㅋㅋㅋㅋㅋㅋㅋㅋㅋㅋㅋㅋㅋㅋㅋㅋㅋㅋㅋㅋㅋ
1509162124,닉네임222222,3:0 선언
1509162125,미토페인,개그 준비해왔네
1509162125,lovingufaker,?ㅋㅋㅋㅋㅋㅋㅋㅋㅋㅋㅋㅋㅋㅋㅋㅋㅋㅋㅋㅋㅋㅋㅋㅋㅋㅋㅋㅋㅋㅋㅋㅋㅋㅋㅋ
1509162125,qaz0297,ㅋㅋㅋㅋㅋㅋㅋㅋㅋㅋㅋㅋㅋㅋㅋㅋㅋㅋㅋㅋㅋㅋㅋㅋㅋㅋㅋㅋㅋ
1509162125,whitesecrecy,빤스런
1509162125,반달돌고래,배고파서 빨리 이기고싶다니 ㅋㅋㅋㅋㅋㅋㅋㅋ
1509162125,Tofu1237,ㅋㅋㅋㅋㅋㅋ
1509162125,poisonpink,(만족)
1509162125,개개,기대중
1509162125,aabb10,빨리끝내고 밥을먹고싶다
1509162125,hoon6666,삼대떡
1509162125,뚬뚜루둠,미친ㅋㅋㅋㅋㅋ
1509162125,leekiin123,배가고파섴ㅋㅋㅋㅋㅋㅋㅋㅋㅋㅋ
1509162125,긴나,ㅋㅋㅋㅋㅋㅋㅋㅋㅋㅋㅋㅋㅋㅋㅋㅋㅋ
1509162125,Nodabking,배가고파서 ㅋㅋㅋㅋㅋㅋㅋㅋㅋㅋㅋㅋㅋㅋㅋ
1509162125,세금왕,배고파서 3경기
1509162125,yoon4538,치킨먹잨 ㅋㅋㅋㅋㅋ
1509162125,rammmmmmus,ㅋㅋㅋㅋㅋㅋㅋㅋㅋ
1509162128,ichigo137,ㅋㅋㅋ
1509162128,호부호형,밥이커
1509162128,konerd,개그욕심내는거 귀엽다 ㅋㅋㅋㅋㅋㅋㅋㅋㅋㅋㅋㅋㅋㅋ
1509162128,항상행복하자,크윽 연습해서 저녁먹자 ㅎㅎ
1509162128,탈보라,3:0 선언 오졌다 ㅋㅋㅋㅋㅋㅋㅋ
1509162128,무지개색미라클,ㅋㅋㅋㅋㅋㅋㅋㅋㅋㅋㅋㅋㅋㅋㅋㅋㅋㅋㅋㅋㅋㅋㅋㅋㅋㅋ
1509162128,이틀,헝그리? ㅋㅋㅋㅋ
1509162128,ansdnjs12,개그인터뷰 ㅋㅋㅋㅋ
1509162128,leedotol,겸--손
1509162128,woodybroa,배고프니 3:0으로 끝내겠다
1509162128,Musicloud1203,배고프니까 빨리 끝내겠다
1509162128,잣바워치123,배고파서 3:0 ㅋㅋㅋㅋㅋㅋㅋㅋㅋㅋㅋㅋㅋㅋㅋ
1509162128,무슨말인지모르겠네요,배고픈 혁 ㅋㅋㅋㅋㅋㅋㅋㅋㅋㅋㅋㅋㅋㅋㅋㅋㅋㅋ
1509162128,구헤헤12,ㅋㅋㅋㅋㅋㅋㅋㅋㅋㅋ
1509162128,하늘색좋아요,ㅋㅋㅋㅋㅋㅋㅋㅋㅋㅋㅋㅋㅋㅋㅋㅋㅋㅋㅋㅋㅋㅋㅋㅋㅋㅋㅋㅋㅋㅋㅋㅋㅋㅋㅋ
1509162129,레테틱,통 역 극 한 직 업
1509162129,esemz,아직 배고프다
1509162129,bebulu724,배가고프니 빨리 경기를 끝내겠다
1509162129,내몸이원하는그이름조강현,ㅋㅋㅋㅋㅋㅋㅋㅋㅋㅋㅋㅋㅋㅋㅋ
1509162131,단사,배고파서 3 : 0 ㅋㅋㅋㅋㅋ
1509162131,soupe_,무서운샠키...........
1509162131,vmflstptm,류또죽
1509162131,변덕잉,배고픈 혁
1509162131,고9마9웟어,시에스로 허기대체 ㅋㅋㅋㅋㅋㅋㅋㅋ
1509162131,제이데커,페이커 웃는거 귀여워
1509162131,슼슼카이,ㅋㅋㅋㅋㅋㅋㅋㅋㅋㅋ
1509162131,sum85,배고파서 5전 3승 하겠다
1509162131,도루묵,ㅋㅋㅋㅋㅋㅋㅋㅋㅋㅋㅋ
1509162131,말랑말랑귤,개그야 웃어
1509162131,sSODs,페이커 ㅐㅂ고프니 3;0선언 ㄷㄷ
1509162131,Golloganda,결승전 3대0 선언 ㄷㄷㄷㄷㄷㄷㄷ
1509162131,마백설,ㅋㅋㅋㅋㅋ아ㅋㅋㅋㅋㅋㅋㅋㅋ
1509162131,낭만모기,배고픈 상혀기
1509162131,충격왕쇼킹,ㅋㅋㅋㅋㅋㅋㅋㅋㅋㅋㅋㅋㅋ
1509162132,gate214,헝그리 나오냐
1509162132,Lloocee,류 : ㅇㅂ
1509162132,하루한번사랑합니다,ㅋㅋㅋㅋㅋㅋㅋㅋㅋㅋㅋㅋㅋㅋㅋㅋㅋㅋㅋㅋㅋㅋ
1509162132,ggorory,ㅋㅋㅋㅋㅋㅋㅋㅋㅋ 순수한 저 표정
1509162132,pch9433,인터뷰 무엇? ㅋㅋㅋㅋㅋㅋㅋㅋㅋ
1509162132,비유띠,페피셜) 나는 아직 배가 고프다
1509162132,사이키델릭猫,밥 빨리 먹어야하니 3:0으로 박살내겠다
1509162132,푸피포,배가 고파 3대0 ㅋㅋㅋㅋㅋㅋ
1509162132,퍼스트클래스,큐베메탄데?
1509162132,rymic1,3대0선언 오진다 진짜 ㅋㅋㅋㅋㅋㅋㅋㅋㅋㅋㅋㅋㅋㅋ
1509162132,wkdrn9909,ㅋㅋㅋㅋㅋㅋㅋㅋㅋㅋㅋㅋㅋㅋㅋㅋㅋㅋㅋㅋㅋㅋㅋㅋㅋ진찌 빛상혁
1509162132,octaroga,류 무엇
1509162132,드루달,굶주림 메타
1509162132,rkdrbs23,ㅋㅋㅋㅋㅋㅋㅋㅋ
1509162133,무지방우유,밥이나 줘라
1509162133,시공망령3560,난 배가고프다
1509162133,정멍,배고프니까 빨리끝내
1509162133,sighwhale,배고프니까 3대0 해버리겠다
1509162133,곰이도니문,배가 고프기 전에 돌아오겠다
1509162133,namedh,배가 고파서 안되겠다더라
1509178421,TAeIV089,ㅋㅋㅋㅋㅋㅋㅋㅋ
1509162133,내일할게,류 의문의 1패 ㄷㄷㄷ
1509162133,밀크우유,울프가 말해주라한듯
1509162133,jeff54288,臭泡菜
1509162133,포레스트포맨,완승 선언
1509162134,타마냥,?
1509162134,10si_8al,배고픈 페이커..
1509162134,날다람쥐날다,나는 배고프니까 3;0해야한다
1509162134,쩌모,나는아직도배가고프다
1509162134,mydomehere,5갈리오 한 이유좀 물었으며뉴ㅠㅠㅠㅠㅠㅠㅠㅠㅠ\
1509162134,yooi21,배고파서 ㅋㅋㅋㅋㅋㅋㅋㅋㅋ
1509162134,songssi12,배고파서 3대0으로긑내겟다
1509162134,나무전쟁,내가 배가고프니까 빨리끝내라
1509162134,은주찡,밥메타 ㅋㅋㅋㅋㅋㅋㅋㅋㅋㅋㅋㅋ
1509162135,미사갓,예아 암 헝그리
1509162135,sa2daman,밥이 식기전에 이기겠다
1509162135,돼지감정단,ㅋㅋㅋㅋㅋㅋㅋㅋㅋㅋㅋ
1509162135,리안하르트,두리번 두리번
1509162135,여기서뭐해요,3-0 선언
1509162135,LaughChloeTT,꺼ㅡㅡㅡㅡㅡㅡㅡㅡㅡㅡ억 ㅋㅋㅋㅋㅋㅋㅋㅋㅋㅋㅋㅋㅋㅋ
1509162135,뭐야이건왜안돼,육 ---- 만
1509162135,Modelick,답은 '바나나'
1509162135,오곡라떼,배고프다 ㅋㅋㅋㅋㅋㅋㅋㅋㅋㅋㅋ
1509162135,흔한풍뎅이,해설 당황...
1509162135,k6b1k2,죨 ㅡㅡ귀 ㅡㅡ상 ㅡㅡ혁 ㅡㅡ
1509162135,bearwithnipper,아 슈밤 잔이 식기전에 돌아오겠다 이말이랑 ㅋㅋㅋㅋㅋ 동급
1509162135,방송좀하세요,관우혁 ㄷㄷㄷ
1509162136,vanilalmond91,4차원 진짜 ㅋㅋㅋㅋㅋ
1509162136,세류아,배가 고프다
1509162136,danmuge,나는 아직도 배고프다 - 페이커
1509162136,빵똥,이거 어떻게 포장하냨ㅋㅋㅋㅋㅋ
1509162136,전주매콤주먹,ㅋㅋㅋㅋㅋㅋㅋㅋㅋㅋㅋㅋㅋ
1509162136,키약,"페이커 ""나는 아직 배가고프다ㅡ"""
1509162136,junker4,ㅋㅋㅋㅋㅋㅋㅋㅋㅋㅋㅋㅋ
1509162137,treeky0,???: 나 배고프니깐 일찍 끝내자
1509162137,khkang9812,배고파서 3대0
1509162137,eternal_law,잼생혁 ㅋㅋㅋ
1509162137,8ㅅ8우러따,류 그는 도대체.
1509162137,레스토,ㅋㅋㅋㅋㅋㅋㅋㅋㅋㅋㅋㅋㅋㅋㅋㅋㅋㅋ
1509162137,풍팟퐁커리,반응 기대기대
1509162137,빵쿠빵쿠,ㅋㅋㅋㅋㅋㅋㅋㅋㅋㅋㅋㅋㅋㅋㅋㅋㅋㅋㅋㅋㅋㅋㅋㅋㅋㅋㅋㅋㅋㅋㅋ
1509162137,인생의쓴맛,헝그리~
1509162137,eek1532,인터뷰유쾌한거 봐 ㅋㅋㅋㅋㅋㅋㅋㅋㅋㅋㅋㅋ
1509162137,flowerpart2,이 밥이 식기전에 돌아오겠소...
1509162137,kid3128,밥먹고싶으니 3판만하겠다
1509162137,딸기바나나사과,ㅋㅋㅋㅋㅋㅋ
1509162137,칸나하시모토,ㅋㅋㅋㅋㅋㅋㅋㅋㅋㅋ
1509162138,빛상혁,우리혁 넘 귀여운거 아니냐
1509162138,황물기,밥먹자아아아아!!
1509162138,둘리항,ㅌㅌㅋㅋㅋㅋㅋㅋㅋㅋ
1509162138,딜교는쉽다,ㅋㅋㅋㅋㅋㅋㅋㅋㅋㅋ
1509162138,콩나물팍,배고파서 3대 0으로 이기고 싶다
1509225044,킹정민화이팅,페딩크 - 나는 아직 배가 고프다
1509162138,bakgaksii,배부른 페이커ㄷㄷㄷ
1509162138,kimshogo97,0대3 삼성 우승
1509162138,보로곰,ㅋㅋㅋㅋㅋㅋㅋㅋㅋㅋㅋㅋㅋㅋㅋㅋㅋ
1509162138,색소침착맨,ㅋㅋㅋㅋㅋㅋㅋㅋㅋㅋㅋㅋㅋ
1509162138,verysoursop,ㅋㅋㅋㅋㅋㅋㅋㅋㅋㅋㅋㅋㅋㅋㅋㅋㅋ
1509162138,꿍딱,ㅋㅋㅋㅋㅋㅋ
1509162138,냐항,ㅋㅋㅋㅋㅋㅋㅋㅋㅋㅋㅋㅋㅋㅋㅋㅋㅋㅋㅋㅋㅋㅋㅋ
1509162138,단순호치_,ㅋㅋㅋㅋㅋㅋㅋㅋㅋㅋㅋㅋㅋㅋㅋㅋㅋ
1509162139,denipan123,상혁이 힐끔힐끔 ㅋ
1509162139,도로시좋아,ㅋㅋㅋㅋㅋ 빨리 끝내고 밥쳐먹으러간다
1509162139,꽁이유,배고파서 3경기로 끝내다 ㅋㅋㅋㅋ
1509162139,wlgh5060,ㅋㅋㅋㅋㅋㅋㅋㅋㅋㅋㅋㅋㅋㅋㅋㅋㅋㅋㅋㅋㅋㅋ
1509162139,리롱띠,배가고파서 3:0으로 끝내겠다
1509162140,sovom201,?
1509162140,리무,페이커 해맑~
1509162140,teb5764,나는 아직 배가고프다
1509162140,kyungbae9129,ㅋㅋㅋㅋㅋㅋㅋㅋㅋㅋㅋㅋㅋㅋㅋㅋㅋㅋㅋㅋㅋㅋ
1509162140,eofus1,ㅋㅋㅋㅋㅋㅋㅋㅋㅋㅋㅋㅋ
1509162140,deadlyspinning,웃는거보소
1509173057,괏수_,ㅋㅋㅋㅋㅋㅋㅋ
1509162140,vlsns2,ㅋㅋㅋㅋㅋㅋㅋㅋㅋㅋㅋㅋㅋㅋㅋㅋㅋㅋㅋㅋㅋㅋㅋㅋㅋㅋㅋㅋㅋㅋㅋㅋㅋ
1509162140,코렐루야,짜장면먹자 상혁아
1509162140,끠넛끠넛,ㅋㅋㅋㅋㅋㅋㅋㅋㅋㅋㅋㅋㅋㅋㅋㅋㅋㅋㅋㅋㅋㅋㅋㅋㅋㅋㅋㅋㅋㅋㅋㅋㅋ
1509162140,i43214,상혁이 진짜 좋은가보다ㅋㅋㅋㅋㅋㅋ
1509162140,kndantes,뿌-듯
1509162140,oanjun,류에게 보내는 메세지
1509162141,작은달,웃음참는거바
1509162141,tlsgks78,울프 ㅋㅋㅋㅋㅋㅋㅋㅋㅋㅋ
1509162141,4starize,배가 고팤ㅋㅋㅋㅋㅋㅋㅋㅋㅋㅋㅋㅋㅋㅋㅋㅋㅋㅋ
1509162141,웃픈광대,개그마저 완벽 ㅇㅇ
1509162141,쟤때문에심쿵,페이커 커엽
1509162141,s4int71,난아직도배가고프다
1509162141,별수호자뽀삐,샥즈 피식피식ㅋㅋㅋㅋㅋㅋㅋㅋㅋㅋ
1509162141,랑땡,샥즈 빵빵터진다
1509162141,dkrehd24,ㅋㅋㅋㅋㅋㅋㅋㅋㅋㅋㅋㅋㅋㅋㅋㅋㅋ
1509162142,MEtwicha,ㅋㅋㅋㅋㅋㅋㅋㅋㅋㅋ 루피냐
1509162142,아브릴,배고픈 페이커 ㅋㅋㅋㅋ
1509162142,위고노리찌,ㅋㅋㅋㅋ밥먹자아
1509162142,juujhar,배가 고파서
1509162142,firefl0wer,ㅋㅋㅋㅋㅋㅋㅋㅋㅋㅋㅋㅋㅋㅋㅋㅋ
1509162142,voidraylola,페이커 : 밥이 식기전에 적장의 목을 따오겠소.
1509162142,해리콥터,ㅋㅋㅋㅋㅋㅋㅋㅋㅋㅋㅋㅋ
1509162142,yuiluv,ㅋㅋㅋㅋㅋㅋㅋㅋ
1509162142,포틱,ㅋㅋㅋㅋㅋㅋㅋㅋㅋㅋㅋㅋㅋㅋㅋㅋㅋㅋ
1509162142,새벼기발갓습니다,ㅋㅋㅋㅋㅋㅋㅋㅋㅋㅋㅋㅋㅋㅋㅋ
1509162143,scottchoi,ㅣㅕㅣ
1509162143,김장맨,샥즈샥즈
1509162143,Elasia,ㅋㅋㅋㅋㅋㅋㅋㅋㅋㅋㅋㅋ
1509162143,송진혁,삼대떡 만들겠다 ㅋㅋㅋㅋㅋㅋㅋㅋㅋㅋㅋㅋㅋㅋㅋㅋㅋㅋㅋㅋㅋㅋㅋㅋㅋㅋㅋㅋㅋㅋㅋㅋㅋㅋㅋㅋ
1509162143,싸펑피펑1982,야 육덕을 웃긴다
1509162143,seohIhI,ㅋㅋㅋㅋㅋㅋㅋㅋㅋㅋㅋㅋㅋㅋㅋㅋㅋㅋㅋㅋㅋㅋㅋㅋㅋㅋㅋㅋㅋㅋㅋㅋㅋㅋ
1509162143,_헤드셋,페이커한테 밥좀줘라
1509162143,아니이걸왜,배고픈 페이커
1509162143,폴조지,샥즠ㅋㅋㅋㅋ
1509162143,Kstaring7,흡ㅡㅡㅡㅡㅡ족
1509162143,바코1,밥주어어어어어어
1509162144,be_tricky02,ㅋㅋㅋㅋㅋㅋㅋㅋㅋㅋㅋㅋㅋㅋ
1509162144,재개미,ㅋㅋㅋㅋ
1509162144,돌멩이는돌멩돌멩,커여운 상혁갓
1509162144,fhdltm618,삼성한테 3:0 ㄷㄷㄷ
1509162144,엘보으,ㅋㅋㅋㅋㅋㅋㅋ
1509162144,케밥먹고싶어,배가 고프다
1509162144,그람솔라,통역 고수 ㅋㅋㅋ
1509162144,붕아너의미래다,ㅋㅋㅋㅋㅋㅋㅋㅋㅋㅋㅋㅋ
1509162144,sky03210,샥즈 쌌다
1509162144,ohyhmlov,헝그리 나우~~
1509162144,Dakurak,유머감각 미쳐 ㅋㅋㅋㅋㅋㅋㅋㅋ
1509162144,쿠푸푸,ㅋㅋㅋㅋㅋㅋㅋㅋㅋㅋㅋㅋ
1509162144,bluespeea,ㅋㅋㅋㅋㅋㅋㅋㅋㅋㅋㅋㅋㅋㅋㅋㅋㅋㅋ 오케이이이
1509162144,열정페이커,히딩크메타 아니냐 ㅋㅋㅋ
1509162145,veresk777,LUL LUL LUL LUL LUL
1509162145,min101018,ㅋㅋㅋㅋㅋㅋㅋㅋㅋㅋㅋㅋㅋ
1509162145,rearing,ㅋㅋㅋㅋㅋㅋㅋㅋㅋ
1509162145,러시드,ㅋㅋㅋㅋㅋㅋㅋㅋㅋㅋㅋㅋ
1509162145,heavens277,나는 배고프다
1509162145,밥도둑명란김,배고프니까 앞으로 빨리 끝내겠다
1509162145,한국제록스,ㅋㅋㅋㅋㅋㅋㅋㅋㅋㅋ
1509162145,kimotti7656,인-정
1509162145,tkddlzh,샥즈 빵터지네
1509162145,Magicteacher4869,배고픔 메타
1509162145,magicyaba,역시 상혁
1509162145,moon4705,ㅋㅋㅋㅋㅋㅋㅋㅋㅋㅋㅋㅋㅋㅋㅋㅋ
1509162146,펩시톡톡톡,밥이 식기전에 돌아오겠다
1509162146,nojuorm,겸 손 혁
1509162146,MWXXXX,인터뷰 오지고
1509162146,마이클캐릭,ㅋㅋㅋㅋㅋ펄스널리 임폴턴트 띵ㅋ
1509162146,keepditto,ㅋㅋㅋㅋㅋㅋㅋㅋㅋㅋㅋㅋㅋㅋㅋㅋㅋㅋㅋㅋㅋㅋㅋㅋㅋㅋㅋㅋ
1509162146,머도기드랍더비트,헝 ㅡ 그 ㅡ 리
1509162146,zzongwon,ㅋㅋㅋㅋㅋㅋㅋㅋㅋㅋㅋㅋㅋㅋㅋㅋㅋㅋㅋㅋㅋㅋㅋㅋㅋㅋㅋㅋㅋㅋㅋㅋㅋㅋㅋㅋㅋㅋㅋ
1509162147,구강내과,자신만만
1509162147,whan2689,배고픈 류
1509186223,Kuzel,ㅋㅋㅋㅋㅋㅋ
1509162147,바지락칼콕스,ㅋㅋㅋㅋㅋㅋㅋ
1509162147,뭬라고오,빛 상 혁
1509162147,찐매,"페이커..""나는 아직 배가 고프다"""
1509162147,knH828,유머러스한거봐
1509162147,Kuaang,배고파서 3:0으로 끝내겠다 ㅋㅋㅋㅋㅋ
1509162147,kisalute,배고프다
1509162147,콩찹쌀떡,유머쟁이
1509162148,살아단이일리계신다,그래서 그렇게 피즈를...
1509162148,슈퍼마켓,대 상 혁
1509162148,qpslwoak,나는 아직 배고프다
1509162148,kcssout,배고픈 혘ㅋㅋ
1509162148,서네서네,배고파서 3경기로 끝내겠다 ㅋㅋㅋㅋㅋㅋㅋㅋㅋㅋㅋ
1509162148,읔앸앸앸,ㅋㅋㅋㅋㅋㅋㅋㅋㅋㅋㅋㅋㅋㅋㅋ
1509162148,heowon8867,나는아직도 배가고프다
1509162148,kezh8282,응 3대빵 쳐발려
1509162149,파르패,아재개그 먹혔음 ㅋㅋㅋ
1509162149,블랑팡,샥즈 눈 하트하트
1509162149,우비를쓰자,헝그맄ㅋㅋㅋㅋㅋㅋㅋㅋㅋㅋㅋㅋㅋㅋㅋㅋ
1509162149,Caution_kr,류:ㅇㅈ
1509162149,전자형님,바나나 먹지
1509162149,해상병,배고파서 3경기로 끝내겠다
1509162149,후위,배가 고프다
1509162149,hancw93,페이커 ㄷㄷㄷ
1509162149,Lalamut,유럽 아니라서 농담 안통하져~ ㅋㅋㅋㅋㅋ
1509162150,결뭐,뿌ㅡ듯
1509162150,개포동건물주,배고픈 페이커 ㄷㄷ
1509162150,곰친,페친넘ㅋㅋㅋㅋㅋㅋㅋㅋㅋㅋㅋㅋㅋㅋㅋㅋㅋㅋㅋㅋㅋㅋㅋㅋㅋ
1509162150,쿠로리,밥이 식기전에 돌아오겠소 ㅋㅋㅋㅋㅋㅋㅋㅋㅋㅋㅋㅋㅋㅋ
1509162150,준몬,배고픈 상혁
1509162150,바삭한커피콩,3경기로 끝내겟다
1509162150,koola001,ㅋㅋ
1509162150,hyolz86,"하지만 큐베는 바나나를 먹을것이다,,"
1509162150,레비_,통역 핵고수
1509162150,ymw2417,페피셜) 배고파서 3대0한다
1509162151,씨마커,EleGiggle PowerUpL Squid3 PowerUpR 빛 상 혁
1509162151,ahdkem,ㅋㅋ~ㅋ~ㅋㅋㅋ~ㅋ~~ㅋㅋㅋㅋㅋㅋㅋㅋㅋㅋㅋㅋ
1509162151,cms050,배가 고픈 류급
1509162151,ju5190,엄 ㅡ 근 ㅡ 진
1509162151,Va1lhal1a,나는 배고프다 ㅋㅋㅋㅋ
1509162151,도로니,ㅌㅌㅌㅌㅋㅋㅋㅋㅋㅋㅋㅋ
1509162151,rachinia,밥이커
1509162151,osu_5ex,OK
1509162151,limits2018,인터뷰 잘하네ㅋㅋㅋㅋㅋㅋㅋㅋ
1509162151,chee_mac,씨ㅡ익
1509162151,bellhorn9602,밥이 식기 전에 돌아오겠다
1509162152,소꽈빵,한식 못먹어서 그래
1509162152,Hyenakorea,해 —
1509162152,앙마잡이,?? : I'm still hungry
1509162152,키스미달링,Faker : I'm still hungry
1509162152,유쿠,풉
1509162152,fxdxdydz,배고픈 페이커
1509162152,고갤럼통,류이커 ㅋㅋㅋㅋㅋㅋ
1509162152,포돌2,인싸 개그
1509162152,sysky2001,밥이 식기 전에 돌아오겠소
1509162153,grps77,빛피셜) 배고프다. 다음은 3대떡으로 바르겠다.
1509162153,bestreply,알아듣나??????
1509162153,알키메데스,패딩크ㅡ
1509162153,woodi1122,페이커 ) 나는 여전히 배가 고프다 ㄷㄷㄷㄷ
1509162153,kozel_cinnamon,캬
1509162153,쿨파,대따대따
1509162153,솔플감,5갈리오 ㅋㅋ
1509162154,빠커,유머감각까지 우리혁
1509162154,bsk941,바 나 나
1509162154,심패쉬,유머까지 챙기신 빛 상 혁
1509162154,파킨,배고프면 제드...
1509162154,꽃으로말한다,밥이식기전에돌아오겠소!!!!!!
1509162154,밍키아빠,배고프다고 ㅡㅡ
1509162155,초그민,인터뷰 오진다 오져. ㅋㅋㅋㅋㅋㅋㅋㅋㅋㅋ
1509162155,Karaogiri77,나는 아직 배고프다
1509162155,kim8659123,류 : 끄덕끄덕
1509162155,강쟁이,인터뷰 만렙 ㅋㅋ
1509162155,스키밀,빛
1509162155,pgwphw,페이커 나는 아직배고프다 메모
1509162155,펌킨헤드,미국식 유우머
1509162155,HappyDummY_,스테이디움
1509162155,renesse777,헝 ㅡㅡㅡㅡㅡㅡㅡㅡㅡ 그 ㅡㅡㅡㅡㅡㅡㅡㅡㅡㅡㅡㅡ 리
1509162155,은지바라기_송라비,해외에서 먹히는 개그
1509162156,어떻게하라고,페석대 배고프시대다
1509162156,지렁이정력,올림픽 ㄷㄷ
1509162156,유럽여행전문가,헐
1509162156,cyanphon,배고픈 류 vs 배고픈 페이커
1509162156,누누야똥누누,캬
1509162156,로호칸,ㅋㅋㅋㅋㅋㅋㅋㅋㅋㅋㅋㅋ
1509162156,메라평생팬,Eat상혁 ㅋㅋㅋㅋㅋㅋㅋㅋㅋㅋㅋㅋㅋㅋㅋㅋㅋㅋㅋㅋㅋㅋ
1509162156,크으오이시,ㅋㅋㅋㅋㅋㅋㅋㅋㅋㅋㅋㅋㅋ
1509162156,야경,ㅋㅋㅋㅋㅋㅋㅋㅋㅋㅋ
1509162157,Skqkdgkfao,아 몰봤어
1509162157,gugugu1234,페이커 : 만족
1509162157,abenana0515,ㅗㅜㅑ
1509162157,boksil99,베이징 올림픽 경기장 ㄷㄷ
1509162157,휴페리온,올림픽 스타디움?ㅋㅋㅋㅋㅋㅋㅋㅋㅋ
1509162157,꿈꾸는사막여우,배고픈 ㅋㅋㅋㅋㅋㅋ 페이커
1509162157,어휴한심,ㅋㅋㅋㅋㅋㅋㅋㅋㅋㅋㅋㅋㅋㅋㅋ
1509162157,마츠브,샥즈 빵빵 터지네ㅋㅋㅋㅋㅋㅋㅋㅋ
1509162158,정투더벅,와
1509162158,물위를달린다,ssg
1509162158,sSODs,ㅋㅋㅋ
1509162158,크롱크롱ㅠ,우리혁 미쳤다 ㅋㅋ
1509162158,nxdomain,스테이디움
1509162158,명주늬,헝그리정신 ㄷ
1509162158,nes21tiaiti,인싸개그 ㄷ
1509162158,충격왕쇼킹,ㅋㅋㅋㅋㅋㅋㅋㅋㅋㅋ
1509162158,다음생은조강현으로,베이징도서관
1509162158,서유리이쁘다,중국팀 와야지
1509162159,먹먹이,스테이디엄
1509162159,noisitjdj,삼성
1509162159,하루종일,결승전 텅텅행
1509162159,소원,ok ok
1509162159,leegimin1213,요약 게임보다 밥이중요하다 먹방비제이로 전향하겠다
1509162159,knildea,아무나
1509162160,먀햐냐캬,페이커 개그는 안돼 ㅋㅋㅋㅋㅋㅋ
1509162160,와아띠,샘숭
1509162160,캡틴팬더,와 베이징 올림픽경기장에서 하냐? ㄷㄷㄷ
1509162160,점크,배고픈 류<<<배고픈 페이ㅣ커
1509162160,orgalallin,베이징!
1509162160,yoon4538,으마으마하다구?
1509162160,발탄,배가고파 3경기안에 끝내겟습니다
1509162160,pksgpl,올림픽 경기장 ㅎㄷㄷ
1509162161,ucjin,배고픈 류 ㅋㅋㅋㅋㅋㅋㅋㅋㅋㅋㅋ
1509162161,주인님의충직한개입니다,올림픽 ㄷㄷㄷㄷ
1509162161,빠끼,배고프니깐 3:0 으로 끝내고 밥먹으로 가겠따
1509162161,김호래,누가 그를 배고프게했나
1509162161,기본권,배고픈 페이커 누가 막냐 ㅋㅋㅋ
1509162161,ssumday,삼성이지
1509162161,손바닥손등,스테이디움
1509162161,hm94205,올림픽 ㄷㄷ;;
1509162161,mi0nz,헝그리정신이자넠ㅋㅋㅋㅋㅋ
1509162161,머리에서빛이나는탈모요정,스테이디엄 ㅋㅋㅋㅋ
1509162161,mstbtfl,한 한 꿀잼ㅋㅋㅋㅋㅋㅋㅋㅋㅋㅋㅋㅋㅋㅋㅋㅋㅋㅋㅋㅋㅋㅋㅋㅋㅋ
1509162161,뚬뚜루둠,잇상혁
1509162161,플라워댄스,백마 뻑갔다
1509162161,인간개화,나는 또 배고프다
1509162161,서렌쳐,중국 싸늘!
1509162161,pele7879,빛상혁
1509162162,구기자술,이ㅡㅡㅡ 상 ㅡㅡㅡㅡ 허 ㅡㅡㅡㅡ 기
1509162162,pig455,어마어마-
1509162162,포맆,순실전자
1509162162,jhsjhs8896,히딩크개그;
1509162162,잉어알,와
1509162162,중계방생존자,거기서 한다고??
1509162162,cigna2,헝그리정신ㄷㄷ
1509162162,smokefreefuture,헐?
1509162163,키약,올림픽경기장을쓰냐 ;; ㄷㄷㄷㄷ와
1509162163,djlole337,셈송!
1509328400,xmdnlcltkfkd,베이징 올림픽 경기장 ㄷㄷㄷㄷ
1509162164,램파드닉누가쓰냐,스테이디움 ㅋㅋㅋㅋㅋㅋㅋㅋㅋㅋㅋ
1509162164,lvazq,?
1509162164,무지개색미라클,관우 혁 ㅋㅋㅋㅋㅋㅋ
1509162164,데나브,?
1509162164,감자파괴자,?
1509162164,jangyk2021,?
1509162164,stylemiss,배고픈페이커
1509162164,8ㅅ8우러따,배고픈페이커 vs 배부른 류
1509162164,hanana50502,?
1509162164,리들러어,???
1509162165,jbhv77,?
1509162165,발마우프라,?
1509162165,수로로,샥즈 미소 ㅋㅋ
1509162165,케이리튬,?
1509162165,andychoi0819,샘숭
1509162165,jun0106kkr,배고파서 3대0 하고 싶다 ㅋㅋㅋㅋㅋㅋ
1509162166,SpringDynamics,???
1509162166,티무르,스테이디엄 ㄷㄷ
1509162166,더티마인드,베이징 올림픽경기장 썩어 무너진거아니였냐... 9년이나 지났는데
1509162166,0722run,올림픽 경기장 ㄷㄷㄷㄷㄷㄷㄷㄷㄷㄷ
1509162166,우닭이,?
1509162166,jun9706,?
1509162166,이게멉니까,으마으마함?
1509162166,츠으키,?
1509162167,Pianika,?
1509162167,고9마9웟어,삼성이지 어게인2016
1509162167,갱맥,?
1509162167,gate214,겸ㅡ손
1509162167,uunsword,도서관
1509162167,레스토,몇번 없다
1509162167,성태맘스,니가 ?
1509162167,탱커아님,?
1509162167,죠가사키_미카,?
1509162167,HappySylva,상혁이형 유머감각까지 빛나는거임
1509162167,츠봄이,?
1509162167,하이칸,네?
1509162167,데일리레일리,?
1509162167,초코맛티라미수,?
1509162167,퍄팍이,?
1509162167,캐논14,??
1509162168,에지오,?
1509162168,꾸웨에,페이커:지니어스 봐야돼 빨리끝내자
1509162168,쁠투,?
1509162168,말년고구마,?
1509162168,날아간꿈,? 몇번없다고 ?
1509162168,난나,??
1509162168,nadajun1,?
1509162168,레이시크,?????
1509162168,upjuda,?
1509162168,사이사이,?
1509162168,지나가던행인4,헐 개큰데서 하네
1509162168,octaroga,????
1509162168,파지직,밥먹으러 갈거니까 비켜라
1509162168,blacksword8,베이징올림픽경기장 ㄷ
1509162169,ajh0818,?
1509162169,지우밍,?
1509162169,dutorio,?
1509162169,돼지감정단,??
1509162169,ppooppplus,?
1509162169,로제르,?
1509162169,powerf91,?
1509162169,SkyUOn,?
1509162169,작은산,??
1509162169,lshkid0427,올림픽 도서관?
1509162169,더스,?
1509162169,mycho2425,?
1509162169,minki828,?
1509162169,kyungbae9129,?
1509162169,독막,?
1509162169,다크팩토리,?
1509162169,샤리얼,?
1509162169,jjunho81,??? ㅋㅋㅋㅋㅋㅋ
1509162169,주줍고싶어,??
1509162169,ebe0025,???
1509162169,삼촌,?
1509178517,레이누,?
1509186246,Kuzel,??
1509162171,verysoursop,당황함 ㅋㅋㅋㅋㅋㅋㅋㅋㅋㅋㅋㅋㅋ
1509162171,히네,퍄
1509162171,kd4852,니가 없으면 누가 갓냐;;;
1509162171,철2,?
1509162171,dy2031,?
1509162171,레바참치,?
1509162171,미안해솔직하지못한내가,크
1509162171,렉톤,4번이나 갔잖아
1509162171,서울의달,??????
1509162171,goodlcw1988,?
1509162171,푸아그라잡숴뵈요,??
1509162171,14DMLSHDK1006,??
1509162171,357qwe,네?
1509162171,junker4,ㅋㅋㅋㅋㅋㅋㅋㅋㅋㅋㅋㅋㅋㅋㅋㅋㅋㅋㅋ
1509162171,Nikayaa,???????
1509162171,말같지도않은소리,??
1509162171,As3654789,?
1509162171,인간사냥개,?
1509162171,얼굴보면실명,???
1509162172,haew0805,?
1509162172,팥빵미인,?
1509162172,ta1444,??
1509162172,펜이,? 겁나 많이갔잖아
1509162172,배구멍,?
1509162172,싸펑피펑1982,?
1509162172,emerald3407,?
1509162172,cosmosfirst,?? 님이 아니면 누가 가봤음?
1509162172,민크,?
1509162172,aabb10,?
1509162172,kloto00,??
1509162172,jypark2934,ㅋㅋㅋㅋㅋㅋㅋㅋㅋㅋㅋㅋㅋㅋㅋㅋㅋㅋㅋㅋㅋㅋㅋㅋㅋ
1509162172,dalyoyil,?
1509162172,xz3070,?
1509162172,유자하나,니가??
1509162172,ledfg7,?
1509162174,라플라스,캬 패기봐
1509162174,takia4gonak,??몇번없어
1509162174,cayman_gts,?
1509162174,akdgkfrpa,올림픽 경기장? 중국팀 안올라오면 관중 차냐????
1509162174,풍쿤,니가 없으면 누가있냐;
1509162174,sdcloud317,??
1509162174,아모루,자 신 감
1509162174,푸으으으으린,니가 잴많아
1509162174,탈보라,몇번없댘ㅋㅋㅋㅋㅋ
1509162174,네오비온,자신감 무엇
1509162174,xiwhd2,ㅋㅋㅋㅋㅋㅋㅋㅋㅋㅋㅋㅋㅋㅋ
1509162174,흰색까마귀,상혁이형
1509162174,mihaelsam,ㅋㅋㅋㅋㅋㅋㅋㅋㅋㅋㅋㅋㅋㅋㅋ
1509162174,suonghi717,??
1509162174,_헤드셋,?
1509162174,마이클캐릭,?
1509162174,Golloganda,대 상 혁
1509162174,김전기,???????
1509162174,nojuorm,?
1509162174,아칼린,크으으으으으으으으으으으으
1509162174,ryuckman94,패 왕
1509162174,세계인정협회,?\
1509162174,너하고나,ㅋㅋㅋㅋㅋㅋㄷㄷㄷㄷㄷㄷㄷㄷㄷㄷㄷ
1509162174,darkherokc7,??
1509162175,hermitage92,니가 안가보면 누가가봐 ㅡㅡ
1509162175,세상의쓴맛,????
1509162175,Siebal4797,??
1509162175,화이트모카치노,????
1509162175,사키러브,??
1509162175,포틱,우왘ㅋㅋㅋㅋㅋㅋㅋㅋㅋㅋㅋㅋㅋㅋㅋㅋㅋㅋㅋㅋㅋㅋㅋ
1509162175,yuiluv,ㅋㅋㅋㅋㅋㅋㅋㅋ
1509162175,xxv007,??
1509162175,놀라운맛,?
1509162175,하늘규,누가 올라오든 박살내겠다 ㅋㅋ
1509162175,dkrehd24,응?
1509162175,꽁이유,? 남
1509162177,옿홍옹홓,?
1509162177,fancyff,?
1509162177,갤리온,?
1509162177,인생힘내자,캬 ... 그저 빛빛빛 다운 말이였다
1509162177,junakorea,?
1509162177,anbong2,???
1509162177,qqqqqwerq,니가없으면 누가간건데
1509162177,슴민,캬
1509162177,또로롱수칸,?
1509162177,narangddd2,??
1509162177,침대위의드릴조강현,빛 상 혁
1509162177,whehdgus11,와ㅣ
1509162177,kid3128,??
1509162177,theinitiatior,큰경기를 가본적이 없다고?
1509162177,피곤한모찌,크
1509162177,별수호자뽀삐,?????????
1509162177,씬스틸,누가오던 3-0 선언
1509162177,라하핫,??
1509162177,머도기드랍더비트,캬
1509162177,그람솔라,어차피 이긴다 ㅋㅋㅋ
1509162177,ㅇ리야,?
1509162177,놀이터,캬
1509162178,alsgur1324,언제나 그렇듯이 상관ㅇ벗다
1509162178,준몬,무엇 ?
1509162178,tjdwns927,캬
1509162178,수징나카,ㅋㅋㅋㅋㅋㅋㅋㅋㅋㅋ
1509162178,단순호치_,?
1509162178,rty597,크
1509162178,먹다남은멜론,???
1509162178,히이잌,?
1509162178,si733,??
1509162178,keepditto,캬
1509162180,malrangmalrang,??
1509162180,냐항,ㅋㅋㅋㅋㅋㅋㅋㅋㅋㅋㅋㅋㅋㅋㅋㅋㅋㅋㅋㅋㅋㅋ
1509162180,Rla4153,깔-끔
1509162180,퍼스트클래스,알아서해라
1509162180,eungmin87,겸-손
1509162180,웃픈광대,뻥치지마라 상혁아
1509162180,글피간다,??
1509162180,나무전쟁,드루와 드루와
1509162180,지느,???
1509162180,kimpingu,??????
1509162180,별비는나의빛,???????
1509162181,빛상혁,? 니가?
1509162181,뒹굴어,경기장만 기대된다
1509162181,10si_8al,겸ㅡㅡㅡㅡㅡㅡㅡ손
1509162181,왈도전,ㅋㅋㅋㅋㅋㅋㅋㅋㅋㅋㅋㅋㅋㅋㅋ
1509162181,rymic1,결과는 무상관 3-0 선언
1509162181,콩삼콩삼,너가 안가면 누가가...
1509162181,프아,겸ㅡ손?
1509162181,용마정,매년 갔으면서
1509162181,똘판다,대 상 혁..
1509162181,LesPlus,ㅋㅋㅋㅋㅋㅋㅋㅋㅋㅋ
1509162181,훔바_훔바,캬.. 자신감
1509162181,한무일,아직 부족하다
1509162181,다크한다크,간지...
1509162181,ahdkem,?
1509162181,appleakira,ㅋㅋㅋㅋㅋㅋㅋㅋㅋㅋㅋㅋㅋㅋㅋ
1509162181,tkdldh1,LUL CoolStoryBob
1509162181,suiruel,ㅋㅋㅋㅋㅋㅋㅋㅋㅋㅋㅋㅋㅋㅋㅋㅋㅋㅋ
1509162182,ccchris86,안물어봤는데요?
1509162182,세헤라자드,??? 니가 없으면 누가가는뎈ㅋ
1509162182,dbstjd3160,캬~~~~~~
1509162182,강화하지마라,물음표 수집가신가?
1509162182,aletheiage,캬 중립외교 ㄷㄷ
1509162182,어비스22,10번 가겠다는 마인드
1509162182,김걔미,아무나 쳐 올라와라
1509162182,popokokou,?
1509162182,ecdysis7,내가 잘하니까
1509162182,khs224,빛상혁
1509162182,woodi1122,응 니가?
1509162182,달랑벨,패왕색 오진다 ㅋㅋㅋㅋㅋㅋ
1509162182,leekiin123,ㄹㅇ
1509162182,dlwlsgod5555,포부보소
1509220437,세진이에용,뿌듯~
1509162184,짭츄,니가?;
1509162184,도로니,ㅌㅌㅌㅌㅌㅋㅋㅋㅋㅋㅋㅋㅋㅋㅋㅋㅋㅋ
1509162184,whitesecrecy,사이즈가 큰경기장말하는거잔어;
1509162184,닭발맨,삼성 : 시무룩
1509162184,buf0819,큰경기장 엄청갔죠?
1509162184,게임왕김독서,페이커가 몇번안가보면 누가 많이가봄?ㅋㅋㅋㅋㅋㅋㅋㅋㅋㅋㅋㅋㅋㅋㅋㅋㅋ
1509162184,미농007,빛 상 혁!!!
1509162184,cts5109,캬
1509162184,꿈꾸는사막여우,니가 ㅋㅋㅋㅋㅋㅋ
1509162184,드루달,예?
1509162184,apjeji,제일 많이 갔죠?
1509162184,입석,않이;; 페이커님;;(
1509162184,wenzdei,페이커 : (아몰라 배고프다)
1509162184,룰라룰라루,니가 못갔으면 누가갔냐 ㅋㅋㅋㅋㅋㅋㅋㅋㅋ
1509162184,bellhorn9602,얼굴 뿌듯한거봐 ㅋㅋㅋ
1509162184,같이간다,큰경기장 경험이 없어?
1509162185,kdc4966,존 멋
1509162185,밍키아빠,지금까지 경기장은 큰게 아니였지??
1509162185,누누야똥누누,대 갓 빛
1509162185,길잃은달팽이,제일많이갔죠 ㅋㅋㅋㅋㅋㅋㅋㅋㅋㅋㅋㅋㅋㅋㅋㅋㅋㅋㅋㅋㅋㅋㅋㅋㅋㅋㅋㅋㅋㅋㅋㅋㅋㅋㅋㅋㅋㅋㅋㅋ
1509162185,bluespeea,ㅋㅋㅋㅋㅋㅋㅋㅋㅋㅋㅋㅋㅋㅋㅋㅋㅋ 오게 두어라... 페이커가 굶주렸으니
1509162185,머머스카,겸손하다 크
1509162185,유럽여행전문가,ㅋㅋㅋㅋㅋㅋㅋㅋㅋㅋㅋㅋㅋㅋㅋㅋㅋㅋㅋㅋㅋㅋㅋㅋㅋㅋㅋㅋㅋㅋㅋㅋㅋㅋㅋ
1509162185,응차단,아니 페이커가 적게 갔으면 다른 팀은.. ㅋㅋㅋ
1509162185,날다람쥐날다,?
1509162185,프로콘,니가 많이 안가봤으면 누가 가냐....
1509162185,고급면봉,겸손 하신거봐
1509162185,sgkdh48,????????
1509162185,크으오이시,멋있다
1509162185,hoon6666,???
1509162185,letrospect,결승도 작다 ㄷㄷ
1509162186,같이웃자,컨셉 조졋네 ㅋㅋㅋㅋㅋ
1509162186,꽁치짱123,빛 상 혁
1509162186,레비_,도대체 큰경기장 가본사람은 누구냐..
1509162186,파킨,배고프면 류...?
1509186262,Kuzel,ㅋㅋㅋㅋㅋㅋㅋ
1509162186,쩌모,누가올라오든이김 ㅅㄱ
1509162186,술이들어간다,ㅋㅋㅋㅋㅋㅋㅋㅋㅋㅋㅋㅋㅋㅋㅋㅋㅋㅋㅋㅋㅋㅋㅋㅋㅋㅋㅋㅋㅋ
1509162186,메라평생팬,님이 아니면 누가가?
1509162186,Ridersky,니가 못갔으면 누가갔엌ㅋㅋㅋㅋㅋ
1509162186,러블리홍,겸 ㅡㅡㅡㅡㅡㅡㅡㅡㅡㅡㅡㅡㅡ 손
1509162186,황소상어,겸손
1509162186,카일프라임,전세계 뻥
1509162187,단비ㅣ,멋있다
1509162187,서유리이쁘다,결승인데 그래도 중국팀이 놔줘야 흥행이 되지
1509162187,oanjun,상암에 못갔던 페이커
1509162187,구헤헤12,역시....
1509162187,다이애나,어느정도 규모를 원하세요...?
1509162187,화학과,패--기
1509162187,rammmmmmus,? 님이젤 많이 가셧는데
1509162187,osu_5ex,대 상 혁
1509162187,김치빈대떡,스테이플스 스타디움을 작다고 하는 클라스 ㄷㄷ
1509162187,aglias,???
1509162187,onlyvirid,아무나 와라
1509162187,hurjib1989,니가 안가면 누가 가;
1509162187,익준이,ㅇㅈㅇㅈㅇㅈ 빛빛빛
1509162187,여기서뭐해요,?
1509162187,리안하르트,가갈갱 밴의 창시자 답다
1509162188,쿠로리,근본 그자체 ㅋㅋㅋㅋㅋㅋㅋㅋㅋㅋㅋㅋㅋ
1509162188,탱노탱노,그저 빛......
1509162188,Sangkom,이번에 중국 올림픽 메인스타디움임. 크기가 차원이 다름
1509162188,모홀,누가 올라오던 상관없다
1509162188,Hyenakorea,ㅋㅡ
1509162188,아리넬,누가오던 조질거시다
1509162188,유막내,너무 겸손하자너
1509162188,gahojooo,킹짱혁 BloodTrail BloodTrail
1509162189,nolbujaebi,겨 엄 손
1509162189,vmflstptm,삼성 비하발언 ㅡㅡ
1509162189,shrier,페이커:새로 크게 만들어라
1509162189,킴기사,어차피 이긴다는 마인드
1509162189,cleanpull,상암의 추억 ㅋㅋㅋㅋㅋㅋㅋㅋㅋㅋㅋㅋㅋㅋㅋㅋ
1509162189,SSS_sss_SSS_sss,제일많이 가본놈이 ㅋㅋㅋㅋㅋ
1509162189,내가옴,누가올라오든 나한테는 안된다
1509162189,secretkitchen,이건 솔직했다 누가올라오든
1509162189,검사썩소,어느팀이 올라오던 3경기 안에 끝내겠다
1509162189,leegimin1213,요약 누가올라오든 빨리이기고 밥먹고싶다
1509162189,검빵,겸손
1509162190,키약,누가와도 3대떡하고밥먹으러가겠다 키;야~~
1509162190,잘해캡틴,여자꼬시네 ㄷㄷ
1509162190,Tenpc,근거있는자신감
1509162190,Pmsk7002,빛상혁 오늘 왤캐 흘리냐 ㄷㄷ
1509162191,esemz,겸ㅡㅡㅡㅡㅡㅡㅡ손
1509162191,사르르르,상암에서 상셔틀한건 기억에서 잊었다
1509162191,호세,하긴 14년엔 상암 경기장 못갔지
1509162191,빙구야,빛 겸-----손
1509162191,스테이크먹기딱좋은날씨군,겸손
1509162191,whitebrownco,결국 페이커하겠다
1509162191,로호칸,와
1509162192,장훈이,캬
1509162192,look_gun,겸ㅡㅡ손
1509162192,ansdnjs12,가본사람이없음
1509162192,padagpadag,일단 큰건기대되지만 내밥을 막을수는 없다
1509162192,하하동,스고수 무엇?
1509162193,시공에폭풍속으로,패왕색
1509162193,고양이수염,페왕색
1509162193,최에몽,누가오던노상관 ㄷㄷ
1509162193,cms050,진짜 멋있다
1509162193,치즈킴빱,정보) 상암에서 할때 skt는 롤드컵에 가지 못했다
1509162193,원더랜드,여태껏 작은곳이다
1509162193,빠끼,ㅋㅋㅋㅋㅋㅋㅋㅋㅋㅋ
1509162193,gamguk,중립 외교 ㅅㅂㅋㅋㅋㅋㅋㅋㅋㅋㅋㅋㅋㅋㅋ
1509162193,츄우,한국팀들끼리하면
1509162193,Tthoto,ㅋㅋㅋㅋㅋㅋㅋㅋㅋ
1509162193,전주매콤주먹,ㅋㅋㅋㅋㅋㅋㅋㅋㅋ
1509162194,kdy2489,ㅋㅋㅋㅋ
1509162194,페레슈테,ㅋㅋㅋㅋㅋㅋㅋㅋ
1509162194,여포신봉선,떙큐베리마치
1509162194,Heranya,겸-손
1509162194,jooni15,배고픈 류
1509162194,케이리튬,ㅋㅋㅋㅋㅋㅋㅋㅋㅋㅋㅋ
1509162194,apppelemon,제일많이 갔져
1509162194,포브센세,샥즈타졌네 ㅋㅋ
1509162194,Karaogiri77,누가올라오든 이김 ㅅㄱ
1509162194,송잼잼,니가 안가봤으면 누가갘ㅋㅋㅋㅋㅋㅋㅋㅋㅋㅋㅋㅋㅋㅋㅋㅋㅋㅋㅋㅋㅋㅋㅋㅋㅋㅋ
1509162194,끠넛끠넛,ㅋㅋㅋㅋㅋㅋㅋㅋㅋㅋㅋㅋㅋㅋㅋㅋㅋㅋㅋㅋㅋㅋㅋ
1509162194,선동준,거-만
1509162195,다음생은조강현으로,배고파서!
1509162195,molrang,오 통역 완벽하네
1509162195,kim8659123,ㅋ
1509162195,비밀의문,ㅋㅋㅋㅋㅋ
1509162195,목표는어디,ㅋㅋㅋㅋㅋ
1509162195,여우링,ㅋㅋㅋㅋㅋㅋㅋㅋㅋㅋㅋㅋㅋㅋㅋㅋ
1509162195,마루히,ㅋㅋㅋㅋㅋㅋㅋㅋ
1509162196,머머리,ㅋㅋㅋ거만한페이커
1509162196,송진혁,꾸ㅡㅡㅡㅡㅡㅡ벅
1509162196,사과맛요거트,겸 ㅡㅡㅡㅡㅡㅡ 손
1509162196,gate214,ㅋㅋㅋㅋㅋㅋㅋㅋㅋㅋㅋㅋㅋㅋㅋㅋㅋㅋㅋ
1509162196,Wlgh2022,나는 상관없지만 누군가는 힘들수도잇어 ㅠㅠㅠ
1509162196,Hyuni9204,너보다 많이 가본 롤 선수는 지구상에 음써
1509162196,해리콥터,??? 더 크게 지어라
1509162196,시간의계약,ㅋㅋㅋㅋㅋㅋㅋㅋㅋㅋㅋㅋㅋㅋㅋ
1509162196,motsin,근데 진짜 솔직히 이번에 SKT이기면 갈리오스킨 나올듯
1509162196,yoon4538,ㅋㅋㅋㅋㅋㅋㅋㅋㅌㅌㅋㅌㅌㅌ
1509162197,곰돌이님,ㅋㅋㅋㅋㅋㅋㅋㅋㅋㅋㅋㅋㅋㅋㅋㅋ
1509162197,램파드닉누가쓰냐,맨날 간거같은데 센빠이
1509162197,손바닥손등,캬
1509162197,kozel_cinnamon,캬
1509162197,kns7977,숔즈미소
1509162197,tthyg,겸-손 ㅋㅋ
1509162197,로드트립,ㅋㅋㅋㅋㅋㅋㅋㅋㅋㅋㅋㅋㅋㅋ
1509162197,스벤하임,누가 오든 줮밥이다
1509162197,초코맛티라미수,배고파서 결승은 3대0 ㅋㅋㅋ
1509162197,보로곰,배고프다 3:0으로 끝내자
1509162197,kyungbae9129,겨므ㅡ손
1509162197,공익따무새,ㅋㅋㅋㅋㅋㅋㅋㅋㅋㅋㅋㅋㅋㅋㅋㅋ
1509162198,MEtwicha,몽키 디 페이커
1509162198,pksgpl,상암에서도 해봤으면 ㅋㅋㅋㅋㅋㅋㅋㅋㅋㅋㅋ
1509162198,Modelick,항상 결승만 가놓고 ㅋㅋㅋㅋㅋㅋㅋㅋㅋㅋㅋㅋㅋㅋㅋㅋ
1509162198,lis0920,ㅋㅋㅋㅋㅋㅋㅋ
1509162198,rkdrbs23,님이 제일 많이갔죠
1509162198,나민철,배결3
1509162198,sunblocklotion,겸ㅡㅡㅡㅡㅡㅡ손
1509162198,j65697,ㅋㅋㅋㅋㅋㅋㅋㅋㅋㅋㅋㅋㅋㅋㅋㅋㅋㅋㅋㅋㅋㅋㅋㅋㅋㅋㅋㅋ
1509162198,돈없엉,상망못감 상망못감 상망못감 상망못감 상망못감 상망못감 상망못감 상망못감 상망못감 상망못감 상망못감 상망못감 상망못감 상망못감 상망못감 상망못감 상망못감 상망못감 상망못감 상망못감 상망못감 상망못감 상망못감
1509162198,겨자소스,ㅋㅋㅋㅋㅋㅋㅋㅋㅋㅋㅋㅋㅋㅋㅋㅋㅋㅋ배결삼
1509162198,zldhzl9,ㅋㅋㅋㅋㅋㅋㅋㅋ
1509162198,올타임,ticky ㅋㅋ
1509162198,mycho2425,배고파서 결승은 3대떡
1509162198,김치찌개에밥,ㅋㅋㅋㅋㅋㅋ
1509162198,붕아너의미래다,샥스 너무 좋아하네
1509162199,해상병,겸ㅡㅡㅡ손
1509162199,파르패,ㅋㅋㅋㅋㅋㅋㅋㅋㅋㅋㅋㅋㅋㅋㅋㅋㅋ
1509162199,에브리브릭,겸손그자체
1509162199,마츠브,페이커 컨셉잡았네ㅋㅋㅋㅋㅋ
1509162199,sSODs,인터뷰 스킬이 많이 늘엇다
1509162199,얍얍내꺼수고,샥즈 꼬심 ㅅㄱ
1509162200,통감자에오,ㅋㅋㅋㅋㅋㅋㅋㅋㅋㅋㅋㅋㅋㅋㅋㅋㅋㅋㅋㅋㅋㅋㅋㅋㅋㅋㅋㅋㅋㅋㅋㅋㅋㅋㅋㅋㅋㅋ
1509162200,나하오,배고파서ㅋㅋㄱ
1509162200,꾸웨에,너무 멋있다 우리혁
1509162200,김장맨,샥즈 ㅠㅠ
1509162200,supertakim,3경기 안으로
1509162200,Swordofwind,중립외교 ㅋㅋㅋㅋㅋㅋㅋㅋㅋㅋㅋ
1509162200,jypark2934,3대0지는거아니냐
1509162200,knH828,너무좋아하셔~
1509162200,못자겠어,ㅋㅋㅋㅋㅋㅋㅋㅋㅋㅋㅋ
1509162200,minimaxmized,샥즈 왜케 좋아하냐?
1509162200,라스트,결승은 3대 0 ㅋㅋㅋㅋ
1509162200,지렁이야,ㅋㅋㅋㅋㅋㅋㅋㅋㅋㅋㅋㅋㅋㅋㅋㅋㅋㅋㅋㅋㅋ
1509162200,헷지입니다,않이 무슨 항공모함에서 결승해야되나ㅋㅋㅋㅋㅋㅋㅋㅋ
1509162201,퍄퍄퍄맨,ㅋㅋㅋㅋㅋㅋㅋㅋㅋㅋㅋㅋㅋㅋㅋㅋㅋㅋㅋㅋ
1509162201,펩시톡톡톡,페이커 중립외교
1509162201,mh9340,오늘 너무 겸손한데
1509162201,가마도사,ㅋㅋㅋㅋㅋㅋㅋ
1509162201,황물기,캬
1509162201,곰친,페이커 최고다
1509162201,피브나인,겸ㅡㅡㅡㅡ손
1509162201,원을,ㅋㅋㅋㅋㅋㅋㅋㅋ
1509162201,톱구,요약 ㅋㅋㅋㅋㅋㅋㅋㅋ
1509162201,싸펑피펑1982,육덕 오예
1509162201,예히나탈,"너무 겸손하게 인터뷰하네 ,,"
1509162201,zzaos1,슼했다
1509162201,와이키베베,나는 배고프다
1509162201,트둥이가떴습니다,캄사합니다??
1509162201,재개미,ㅋㅋㅋㅋㅋ
1509162201,아담한,배고파서 삼대영
1509162202,delight_0601,겸 손
1509162202,위고노리찌,ㅋㅋㅋㅋㅋ억
1509162202,sovereignal95,겸손혁
1509162202,eskatin,치즈도 웃는다 ㅋ
1509162202,min101018,ㅋㅋㅋㅋㅋㅋㅋㅋㅋㅋㅋㅋㅋㅋㅋㅋㅋㅋㅋㅋㅋㅋㅋㅋ
1509162203,swk616,ㅋㅋㅋㅋㅋㅋㅋㅋㅋㅋㅋㅋㅋㅋ
1509162203,고출력수컷,ㅋㅋㅋㅋㅋㅋㅋㅋㅋㅋㅋㅋㅋㅋㅋㅋㅋㅋㅋㅋㅋㅋ
1509162203,xz3070,ㅋㅋㅋㅋㅋㅋㅋㅋㅋㅋㅋㅋㅋㅋㅋ
1509162203,gha561,배고파서 결승은 3대0ㅋㅋㅋㅋㅋㅋㅋㅋㅋㅋㅋㅋㅋ
1509162203,_헤드셋,꾸 ㅡㅡ벅
1509162203,acc20244,캬 겸손하다
1509162203,Kharute,크으ㅡㅡㅡ
1509162203,kang9735,대 상 혁
1509162204,더티마인드,패승패승승
1509162204,흔한풍뎅이,ㅋㅋㅋㅋㅋㅋㅋ
1509162204,Moongomi,겸손과 거만을 넘나드는 자네는 대체.....
1509162204,리무,배고프다라ㅌㅌㅌㅌㅌㅌㅌㅌㅌㅌㅌㅌ
1509162204,hpc14,이3혁
1509162204,예의바른청년,키야
1509162204,tkddlzh,빠커 ㅋㅋㅋㅋㅋㅋㅋ
1509162204,RumbleKiT,뭐야 저거
1509162204,바빵이,겸손
1509162204,미안해솔직하지못한내가,진짜 이건 리플 볼만하다 개꿀잼
1509162204,As3654789,배고파서 ㅋㅋㅋ
1509162204,ta1444,와
1509162204,심패쉬,도서관 ㅅㅅㅅㅅㅅㅅㅅㅅㅅㅅㅅㅅㅅㅅㅅ
1509162205,무메이0,3대0에서 3경기 ㅋㅋㅋㅋㅋㅋ
1509162205,러시드,ㅋㅋㅋㅋㅋㅋㅋ
1509162205,꾸댕이,펄럭
1509162205,열공학재료공업,와아
1509162205,잠좀그만자라,skt 밥안주나보네
1509162205,deadlyspinning,패승패승승
1509162205,sang5052003,배고픈 페이커
1509162205,고9마9웟어,배고파서 결승은 3대0ㅋㅋㅋㅋㅋㅋㅋㅋ
1509162205,알키메데스,크으
1509162205,oxidecircle,패승패승승
1509162205,둘리항,캬
1509162206,냥냥봉,샥즈 귀여워
1509162206,bestreply,크ㅡㅡㅡㅡㅡㅡㅡㅡㅡㅡㅡㅡㅡ
1509162206,꽁이유,배고파서 결승은 3:0
1509162206,도노몽,오졌따리
1509162206,제목빌런,크
1509162206,pele7879,배고파서 결승은 3:0
1509162206,parless1,캬~
1509162206,아망소리,외교 솜씨 너무 대단한데
1509162206,shadowstormk,캬~
1509162207,펩시,샥즈 너무좋아한다 ㅋㅋㅋㅋㅋㅋㅋㅋㅋㅋㅋ
1509162207,해방,페이커 굶기면 잘할듯 페이커 굶기면 잘할듯 페이커 굶기면 잘할듯 페이커 굶기면 잘할듯 페이커 굶기면 잘할듯 페이커 굶기면 잘할듯 페이커 굶기면 잘할듯 페이커 굶기면 잘할듯 페이커 굶기면 잘할듯 페이커 굶기면 잘할듯 페이커 굶기면 잘할듯 페이커 굶기면 잘할듯 페이커 굶기면 잘할듯 페이커 굶기면 잘할듯
1509162207,놀라운맛,?
1509162207,zkawkxkd,?
1509162207,양념가로쉬프림,배결삼 ㅋㅋㅋㅋㅋㅋㅋㅋ
1509162207,cyanphon,펄ㅡㅡㅡㅡㅡㅡㅡㅡㅡㅡㅡㅡㅡㅡㅡㅡㅡㅡ럭
1509162208,luppinich,멋져
1509162208,001mj,이거 브금 뭔지 아는사람?
1509162208,hanana50502,패승패승승
1509162208,은주찡,배고파서
1509162208,junker4,겸ㅡㅡㅡㅡㅡㅡㅡ손
1509162208,스킬즈,졌으면 오늘 우울증 왔다ㅓ
1509162208,펌킨헤드,대 상 혁
1509162208,너구리찡,"ㅋ,"
1509162208,도토리,겸손한거바
1509162208,abcb0113,겸- 손
1509162208,무지개색미라클,배고프니까 ㅋㅋㅋㅋ
1509162209,MWXXXX,인터뷰까자 잘해ㅋㅋ
1509162209,여우뫼,크
1509162209,세상의쓴맛,페이커 말 잘한다 ㅋㅋ
1509189430,KingFred_,페딩크
1509162209,슼슼카이,단군
1509162209,토이,나는아직배고프다 ㅋㅋㅋㅋ
1509162210,팟티다팟티,결승은 3대떡 간다
1509162210,츠봄이,슼슼슼
1509162210,kimsd1992,이건 진짜 미리보는 결승전이였다
1509162210,새벼기발갓습니다,ㅁ ㅣ 친;;
1509162210,김살,패승패승승
1509162210,마요쟝,?
1509162210,나무전쟁,배고파서 결승은 3대떡
1509162210,놀이터,울프어디???
1509162210,wkdrn9909,키야 국뽕
1509162211,밀크우유,요약 : 배고팠다
1509162211,geoddd,아니 이정도로 만났으면 호민갓 이랑 샥즈랑 베프먹지 않겠냐
1509162211,우비를쓰자,결론 : 배고프니까 결승은 3:0
1509162211,핳하,대 상 혁
1509162211,고추슨틸로,갈리오 노벤 뭐냐
1509162212,kimchanjoo,3-0 배고파서
1509162212,혀녕,불 ㅡ 편 마지막꺼 왜 황색 ;
1509162212,대꺼든,오졌다
1509162212,웃픈광대,색깔이 다른대..?
1509162212,나메형,패승패승승
1509162212,dorian_sk,ㅋㅋㅋㅋㅋㅋㅋㅋㅋㅋㅋㅋㅋㅋㅋㅋㅋㅋ
1509162212,힛철,패페패페페
1509162212,comjoy,dhk
1509162212,두갓,스틸 헝그리
1509162212,yooi21,멋있다 상혁이 ㅋㅋㅋㅋㅋㅋㅋㅋㅋㅋㅋㅋㅋ
1509162212,leedoe0709,배부른 류가 낳냐 배부른 페이커가 낳냐
1509162212,탱커아님,대 상 혁
1509162213,핑핑뀨,동준갓
1509162213,빛상혁,와 이걸
1509162213,ahdkem,배고파서 3대떡
1509162213,BraveTeemo,마치 똥싸느라 늦었다인데..ㅋㅋㅋ
1509162213,whitesecrecy,skt미쳣다미쳣오
1509162213,눈꽃은처연히피고,캬
1509162213,구기자술,샥즈 페이커 개좋아하네
1509162213,denipan123,패승패승승
1509162213,슈퍼마켓,패페패페페
1509162213,bellhorn9602,페이커 너무 겸손한데
1509162214,뚬뚜루둠,ㅅㅍㅅㅍㅅ
1509162214,kd4852,샥즈누나 개 좋아하네;;
1509162214,잭오랜턴,배결삼 ㅋㅋㅋㅋㅋㅋㅋㅋㅋㅋ
1509162214,머리에서빛이나는탈모요정,"속보)페이커, 배고프니 각자 집에서 3경기안에 끝내고 치킨먹자"
1509162214,까스미,마지막 불편하네
1509162215,콭퉄,맨날 결승가놓고 ㅋㅋㅋ
1509162215,난설월화,색깔안바꾸냐?
1509162215,knildea,배고파서 손대영? 아니 삼대영
1509162215,퍼스트클래스,패페패페페
1509162215,괭수,울프는 ㅠㅠㅠ 인터뷰안해주냐
1509162215,독막,펄ㅡㅡㅡㅡㅡㅡㅡㅡㅡㅡㅡㅡㅡㅡㅡㅡㅡ럭
1509162215,nihility2682,skt했다
1509162216,자바원두,헝그리 상혁
1509162216,Hyenakorea,겸—
1509162216,ucjin,배고파서 결승은 3:0 ㅋㅋㅋㅋㅋㅋ
1509162216,xiiaoqi0725,ㅋㅋㅋㅋㅋㅋㅋㅋㅋ
1509162216,Coldcherry,색이 왜저래
1509162217,짜장,오늘부터 단식
1509162217,가벼운발걸음,3판으로 끝내고 밥먹으러 간다
1509162217,osu_5ex,배고파서..
1509162217,도루묵,응?
1509162217,kzsr273,너무 겸손하다 ㅋ
1509162218,cptmzld1004,색깔이???
1509162218,무시무시한곰보,마지막경기 왜 색깔 똥색 w임??
1509162218,pcysy1427,해외 순혈팀 멸망
1509162218,Eun05231,대-------상혁
1509162218,brick2927,색배치 왜저렇냐
1509162218,응차단,패승패승승
1509162218,바삭한커피콩,키야
1509162218,Lastppp,뱅페뱅뱅페;
1509162218,01099410536,나는 아직도 배가고프다 ㅋㅋㅋㅋㅋ
1509162219,lvazq,뱅 페 뱅 뱅 페
1509162219,4sanagi,4번째 ㅋㅋㅋㅋㅋ
1509162221,jooni15,갈갈갈갈갈
1509162221,kezh8282,블블블피피
1509162222,티테,[속보] 페이커 배고파서 롤드컵 3대 0
1509162222,LesPlus,코치 앞으로 페이커 굶겨라
1509162222,onlyvirid,5경기는 배고파서 못해먹겠다
1509162223,i43214,배고프니까 결승은 삼대영ㅋㅋㅋㅋ
1509211965,waitanboy,색깔 무엇?
1509162223,Sangkom,이번 결승전 스테이지는 ㄹㅇ 존-내크다 올림픽 경기장인데
1509162223,sky03210,ㅜㅜ
1509162223,inthesafezone,패페패페페
1509162223,jkjaguar,4경기가는순간 붕노모드 온할듯
1509162223,다음생은조강현으로,색깔 왜저래
1509162224,겐조산조,패승패승승
1509162224,엔에스씨익,색이??ㅋㅋㅋ
1509162224,호다닥,색깔이?
1509162224,다키스트방개,결론:배고파서 이겻다
1509162224,potadosss,불ㅡㅡㅡㅡㅡㅡㅡㅡㅡㅡㅡㅡ편
1509162224,아칼린,패승패승승 ㄷㄷㄷㄷㄷ
1509162224,10si_8al,겸ㅡㅡㅡㅡ손
1509162224,손바닥손등,색뭐야 ㅋㅋㅋㅋㅋㅋㅋㅋㅋ
1509162224,주띵,병병병뱅뱅
1509162224,shrier,보는 내내 머리 아픈 경기였다 쉽게 좀 이겼으면 ㅠㅠ
1509162224,kns7977,패승패승승
1509162225,정멍,크...
1509162226,넥서스,패 승 패 승 승 ㄷㄷ
1509162226,설밀연,아아 자-랑스럽다
1509162226,울또돌,색깔 헷갈리게 해놨네
1509162226,짭츄,승부의신 1명 아직 생존 ㅋㅋㅋㅋㅋㅋㅋㅋㅋㅋㅋㅋㅋㅋㅋㅋㅋㅋㅋㅋㅋㅋㅋㅋㅋㅋㅋ
1509162227,가령,색 오저러냐
1509162227,Juiceholic,색이 왜 저래 ㅋㅋㅋㅋㅋㅋㅋㅋㅋㅋㅋㅋㅋㅋ
1509162227,프로콘,알앤지 마지막 발악
1509162227,호로롱불,패승패승승
1509162228,mangojuice827,홀짝이자나 색깔
1509162228,나는배가부르다뀨,갈갈갈갈갈!
1509162228,최에몽,냉ㄹㅇ구만
1509162228,jeff54288,!@#$%^&*(
1509162228,타마냥,샘-숭
1509162228,황물기,빛-성
1509162229,똘럼,ㅈㅈ
1509162229,쥐베일,색왜저럼
1509162229,알디,패페패페페
1509162229,입석,크으으으ㅡㅡㅡㅡㅡㅡ
1509162229,낙화백,내일
1509162229,위고노리찌,이야
1509162229,퍄퍄퍄맨,WWWWWWWWWWWW
1509162230,진짜힙합,삼성 가자~
1509162230,고양이수염,블루 레드 사이두
1509162230,고연미,캬
1509162230,octaroga,ㅅㅅㅎㅇㅌ
1509162230,금수랑2,박수받아
1509162230,ehduslsw000,패승패승승 ㅎㄷㄷ
1509162230,키약,캬 WE 화이팅!!!
1509162230,유로파,W.E.
1509162230,dovoodoo1,와 내일은 진짜 ㅋㅋㅋ
1509162231,bigdolchangman,삼성가자!!!
1509162231,지는꽃,킹성
1509162231,치토끼,응샘성
1509162231,popokokou,대 삼 성
1509162231,padagpadag,우승도먹고 북경오리도 먹을거야
1509162231,풍뎅이해적단,갈 갈 갈 갈 갈
1509162231,내인생마지막곰보,박수마땅...
1509162231,yoon4538,삼성 파이킹
1509162232,곰돌이님,승성
1509162232,우잉,어우삼
1509162232,ta1444,와 진짜 저걸 따라가는 skt가 대박이다 진짜
1509162232,하늘규,샘숭
1509162232,도로시좋아,크으 패승패승긍
1509162232,epqlfdosdpsw,삼성승 ㄷㄷㄷ
1509162232,세카이노오와리,내일은 샘숭
1509162232,심패쉬,삼성도 이겨서 내전가자구
1509162232,나이스맥스,패페패뱅넛
1509162232,knH828,샘숭와라
1509162232,meru75,노잼
1509162232,돌멩이는돌멩돌멩,삼 성
1509162232,흰길새,색깔 오락가락이야?
1509162232,seohIhI,ㅈ성
1509162232,scottchoi,갈갈갈갈갈
1509162232,우왁두,내일 꿀잼이겄따
1509162232,ehdtjd1227,삼성 잘하자!!!!!!!!
1509162232,미안해솔직하지못한내가,빠따형 이겨줘
1509162232,hanldle,야 서폿만 인터뷰 못 하는거냐 이러면
1509162233,깨세라,크
1509162233,둘리항,삼성이기자!!
1509162233,도노몽,샘송 가자
1509162233,포브센세,중국 탈락시키자
1509162233,Piemunchermhm,삼성 화이팅
1509162233,밍키아빠,빛 삼 성
1509162233,proshim,캬
1509162233,DTBBTB,삼성 화이팅
1509162234,8ㅅ8우러따,빛-성
1509162234,복숭아꿀절임,도서관 만들자
1509162234,가오나시ㆀ,샘숭
1509162234,꾸웨에,쌤쑹
1509162234,aletheiage,패페패페페
1509162234,cms050,삼성아 가자!
1509162234,OverHeather,크
1509162234,ppooppplus,킹ㅡ성
1509162234,andychoi0819,샘숭
1509162234,huryun,색맹 테스타하냐
1509162234,즈즈트,한국 결승 가자
1509162234,제로콜,삼-성
1509162234,마이클캐릭,웨웨삼삼삼 가자
1509162234,어떻게하라고,샘숭
1509162234,lis0920,빛 성
1509162234,이틀,롱 ㅡㅡㅡㅡㅡㅡㅡㅡㅡㅡㅡㅡㅡ주
1509162235,짜황큐베,대 삼 성
1509162235,저항세력,삼성가자!
1509162235,통감자에오,샘송 ㅎㅇㅌ
1509162235,지루해서하품,삼숭!!!!!!!
1509162235,harthacnut1042,ㄴㄴㅉ\
1509162235,프라니,쌤쏭 이기자
1509162235,알키메데스,삼성!!!!!!!!
1509162235,연애소설,삼성 이기자
1509162235,미사갓,퍄퍄
1509162235,솔플감,중국 발라버려~
1509162236,길잃은달팽이,삼성가자
1509162236,rkdco6826,패페패페페
1509162236,가비는아무무,legend never dies
1509162236,밴즈업,킹 ㅡ 성
1509162237,프로든창,빛 삼 갤
1509162237,준몬,크
1509162237,sovom201,갓성
1509162237,여우뫼,이거도 잼겟네
1509162237,zcxvadsfqeer,삼성가자
1509162237,haew0805,갓 ㅅㅇ
1509162237,램파드닉누가쓰냐,샘숭 내일 이기자
1509162237,브라데0759,대샘숭
1509162237,세상의쓴맛,삼성 올라가자
1509162237,deadlyspinning,위메프 vs 삼성
1509162237,잘해캡틴,갓 성
1509162237,돈없엉,갓성
1509162237,konerd,삼성 파이팅
1509162238,나무전쟁,샘숭!
1509162238,nightsemi,ㅗㅜㅑ ㅗㅜㅑ
1509162238,시성,샘송
1509162238,oxidecircle,삼성 3:0 해라
1509162238,포맆,순실
1509162238,yapyapGamza,쌤송
1509162238,안녕나야,삼성 승
1509162238,rollpaper5,삼성 가자 ㄱㄱ
1509162238,luppinich,과욘~
1509162238,잼구나이트,빛 삼 성
1509162238,같이간다,샘---숭
1509162238,말라크,삼성 올라와라
1509162238,pphjqq,빛성
1509162238,sang5052003,삼송!
1509162238,우루라라,응 삼숭 승
1509162238,스포이,삼성
1509162239,tkddlzh,샘숭
1509162239,nolbujaebi,솨암성 ~~~~~
1509162239,아인스타인,제발 삼성 이겨라
1509162239,카와이ㅋ,엠 ㅡ 빠 ㅡ 따
1509162239,woodi1122,삼성도 이기자
1509162239,하모니카신동,상성이짘ㅋㅋ
1509162239,파르패,삼성은 젭라 쉽게 가자
1509162239,레바참치,빛 성
1509162239,Heranya,어준삼
1509162240,kang9735,대 삼 성
1509162240,인생힘내자,샘숭이 올라온다 ... ㄷㄷㄷㄷㄷㄷ
1509162240,김장맨,빛 성
1509162240,단순호치_,삼성 우승가자
1509162240,쿠로리,빛성
1509162240,As3654789,삼성해버리자
1509162240,wjdwlsgur,삼성 화이팅 결승가자
1509162240,말택,내전 가자
1509162240,tedism,패페패뱅피
1509162240,해리퐁,빛 성
1509162240,이스이터널,중국대도서관 만들자
1509162241,빛상혁,블블블블레
1509162241,꽁이유,밫-성
1509162241,잣바워치123,이 재 용
1509162241,nousersname,삼성 가자
1509162241,그후,세주밴하면 이거 모른다
1509162241,좌현우동준,샘송 가자
1509162241,황소상어,삼성 이겨라
1509162241,whitesecrecy,샘숭아 제발 이기자... ㅠㅠ
1509162241,ken92325,킹성 가자
1509162242,그으느,참교육 하자 삼성
1509162242,머마이,빠따갓
1509162242,싸펑피펑1982,we 한테 sk 약한데
1509162242,우주,삼성이거라
1509162242,서렌쳐,중국 참교육 ㄱㄱㄱㄱㄱㄱㄱㄱㄱㄱㄱㄱㄱㄱㄱㄱㄱㄱ
1509162242,kdskim90,삼성 가자
1509162243,고출력수컷,샘송 어서오고
1509162243,SSS_sss_SSS_sss,중국없는 중국대회 가자
1509162243,여우링,샘송
1509162243,젤리요정,승승승
1509162243,우비를쓰자,꿀잼각
1509162243,seasonic11,삼성 삼성
1509162243,ahdkem,도서관가자~
1509162244,은지바라기_송라비,빅매치
1509162244,a0kyu0q,갓 ㅡㅡㅡㅡㅡㅡㅡ 성
1509162244,bellhorn9602,샘 ㅡ 숭
1509162244,vmflstptm,삼성 우승각임
1509162244,happyi0102,갓성 가제이
1509162244,cress2,삼성 이기자~~~
1509162244,softian,중국 멸망 가자~~~~~~~~~
1509162244,자일리톨플러스,중국 도서관
1509162244,스킬즈,삼성이기자!
1509162244,세계인정협회,샘ㅡㅡㅡㅡ숭
1509162244,css1918,삼성 화팅!
1509162245,sucessful2002,마 이기라
1509162245,겨자소스,미ㅡㅡㅡㅡ스ㅡㅡㅡㅡ틱
1509162245,피터휀,내일 3:0가자
1509162245,inferiority742,34위전
1509162245,jss1342,재혁이형 보여줘
1509162246,nvermiculus,내전 가자
1509162246,특수효과,방금 이명박이엇냐
1509162246,도토리,샘송 승
1509162246,먀햐냐캬,삼성이겨라
1509162246,그린베리,네다삼
1509162246,얍얍내꺼수고,대 성
1509162246,고9마9웟어,어게인 2016
1509162246,폭로협,삼성 이기자!!!!!
1509162246,heowon8867,삼선짜장
1509162246,ymw2417,롤벤 터짐
1509162246,korea518,샘송!!!
1509162246,마요쟝,샘숭이 이기면 북경 대도서관 개장 ㅋㅋㅋ
1509162246,르꾸르,빛재혁
1509162246,서유기,삼성삼대떡 ㅅㄱㅇ
1509162246,응차단,발라버리자 도서관 만들자
1509162247,제이데커,삼성 가자
1509162247,Modelick,킹ㅡㅡㅡㅡㅡㅡㅡㅡㅡㅡ성
1509162247,be_tricky02,삼성 물올랐다
1509162247,lemoncapsule,도서관내전가자~
1509162247,스벤하임,세주 벤하면 모른다
1509162247,Shownj,바나나 먹자
1509162247,건크리트,삼성올라와라
1509162247,Mrdam1,삼성 화이팅
1509162247,사르르르,흥행을 위해서는 we가 이겨야할텐데...
1509162247,정질좋아,?
1509162247,molrang,세주아니 흠
1509162248,이주민풍형,삼성 잘하자
1509162248,voidraylola,단-단
1509162248,quasar2142,삼성 가자
1509162248,어휴한심,배고파서 3: 0
1509162248,뽕재,샘송 가자
1509162248,구기자술,대 ㅡㅡㅡㅡ 비 ㅡㅡㅡㅡ 션
1509162248,골든칩,세계최고 토너먼트 강자 삼성
1509162248,슾햄,빠따 들자
1509162249,해리콥터,샘숭 가자
1509162249,lapascal,빛 ㅡㅡㅡㅡㅡㅡ 성
1509162249,dandelion_2k17,ㅋㅋㅋㅋ배고파서 삼대영 ㅋㅋㅋㅋㅋㅋㅋㅋㅋㅋㅋㅋㅋㅋㅋㅋㅋ배고파서 삼대영 ㅋㅋㅋㅋㅋㅋㅋㅋㅋㅋㅋㅋㅋㅋㅋㅋㅋ배고파서 삼대영 ㅋㅋㅋㅋㅋㅋㅋㅋㅋㅋㅋㅋㅋㅋㅋㅋㅋ배고파서 삼대영 ㅋㅋㅋㅋㅋㅋㅋㅋㅋㅋㅋㅋㅋ
1509162249,콭퉄,짜-------황
1509162249,01099410536,캬 내일까지 이기면 애들이 죽창 맞을거 같은데
1509162249,leedoe0709,샘숭 가자
1509162249,돌엄니칭구,삼성 우승
1509162249,istanblue69,누가 올라올지보는재미
1509162250,쿵이냥,단ㅡ단?
1509162250,hpc14,삼성이 3대떡치고오면 이번결승 모른다
1509162250,nohswan98,이건 진짜 삼성이 개찢어야한다
1509162250,윾민수,3대떡
1509162250,술이들어간다,과연ㅋㅋㅋㅋㅋㅋㅋㅋㅋㅋㅋㅋㅋㅋㅋㅋㅋㅋㅋ
1509162251,농소,쌤숭갤럭시
1509162251,qudtn1353,중국없는 중국대회
1509162251,배숙희라빈순설희원,샘송
1509162251,yunbanga,또 한국전하자
1509162251,이늬,결승노잼각?
1509162251,꽉이,참교육가자
1509162251,트젤귀백설양,샘숭승리
1509162251,코렐루야,쌤송
1509162251,열공학재료공업,롱주전때처럼만하면 3:0임
1509162252,초우우,제발 결승은 lck가자
1509162252,캐논14,탑이 너무쎼서 무난히 바를듯
1509162252,윤하갤러리,와우 재혁이 오늘 뱅이였어!!!
1509162253,style1535,WE30 삼성70 승률 본다 ㅋ
1509162253,로테일,2016 롤드컵 리매치? ㅋㅋㅋㅋㅋ
1509162253,포레스트포맨,빠따형 화이팅
1509162253,boring_blue_bear,킹비션
1509162254,valsanado,한국 결승 가자
1509162255,eodnjs4129,미ㅡㅡㅡㅡ스ㅡㅡㅡ틱
1509162255,zzaos1,어찌어찌 ㅎㅎ
1509162255,새까만하늘,조세호 조무사
1509162255,pcysy1427,RNG한테 처발렸던 쌤숭?
1509162255,Wlgh907,룰러vs미스틱이지
1509162255,umiriko71,삼성가자
1509162256,식남,짜 황
1509162256,wbc7,리벤지
1509162256,아니이걸왜,???:이기고싶다고 한번 말했다
1509162256,item0,롤드컵 결승 리매치 각?
1509162256,퍄퍄퍄맨,중국은 이기자 중국은 이기자 중국은 이기자 중국은 이기자 중국은 이기자 중국은 이기자 중국은 이기자 중국은 이기자 중국은 이기자 중국은 이기자 중국은 이기자 중국은 이기자 중국은 이기자 중국은 이기자 중국은 이기자
1509162257,아칼린,쪼끔!
1509162257,밀크우유,쌤쏭 가자
1509162257,프로콘,쪼끔!
1509162257,bbuun22,중국없는 중국대회
1509162257,낭식님,도서관 ㅋㅋㅋㅋㅋㅋ
1509162258,뇌가우동사리,식빵갓
1509162258,Lloocee,한국여포라 we가 이길듯 ㅋㅋ
1509162258,클래스4,"3,4 위 전도 했던가?"
1509162259,mayer_j,오피셜 : 삼성 한딲까리 한다
1509162259,다프,삼성지면 레알 역적각.
1509162259,eternal_law,식 ㅡㅡㅡㅡ 상
1509162259,굴단,쑤심이형
1509162260,절연테이프,we 가 이겨야 승부의신
1509162260,케이리튬,도서관 가자
1509162260,베인메타는다시온다,결승 노잼각
1509162260,친구들아안녕내가왔어,중국 순혈 개박살
1509162260,epqlfdosdpsw,응 아니야
1509162260,생각한다고로조강현이다,중국없는 중국홈 엌ㅋㅋㅋㅋㅋㅋㅋㅋ
1509162260,호로롱불,내일도 도서관
1509162260,붑사,957 vs 큐베? 끄덕끄덕
1509162260,황물기,그래서 응원받은 rng는 ㅋㅋㅋㅋㅋㅋ
1509162261,aletheiage,바나나만 주면 이긴다
1509162261,potadosss,네!
1509162261,유자하나,빠따갓...
1509162261,가오나시ㆀ,샘숭이기면 결승전 도서관됨
1509162261,이온캐논,쪼끔
1509162261,탈보라,ㅇㅉㅇㅉ
1509162261,josh0103913,삼대떡가자구 ㅋㅋ
1509162261,츠봄이,빛 면 수 ㅅㅁ
1509162262,웃픈광대,응 쉬운 경기해
1509162262,打打打打打打打打打,플레임 고인
1509162262,모홀,이건 ㄹㅇ 삼성이 이길거 같아...
1509162262,읭윙,2016 리매치각?
1509162262,씬스틸,낼 삼성3-0 진다
1509162262,톱구,ㅇㅈ
1509162263,whrtldn90,짜ㅡㅡㅡㅡㅡㅡㅡㅡㅡㅡㅡㅡㅡㅡㅡㅡㅡ장
1509162263,렁스,쪼끔
1509162263,뵤뎌,와 곽도원 롤해설도하네 ㄷㄷㄷㄷㄷㄷㄷㄷㄷㄷㄷㄷㄷㄷ
1509162263,limits2018,WE가 바텀이 너무강해
1509162264,ansayo,또블유이
1509162264,padagpadag,대도서관에 울려퍼지는 빠따소리
1509162264,환월,클템 롱준 어디감????/
1509162265,키약,WE가 대중화 인민들의 기운을받고 우승한다 ^^
1509162265,극락조,오늘 해설 왜저래
1509162265,크유,아뇨
1509162265,ta1444,957이 we인가
1509162265,타이타니움,플레임 존야 ㅠㅠ
1509162265,같이웃자,쪼끔
1509162266,제목빌런,쪼!끔
1509162266,브라데0759,롱주를 먹읐는데 WE야뭐
1509162266,che3022,스포) 결승전 대도서관
1509162266,qmffhrm1448,인벤 터졌네;;
1509162266,bebulu724,삼성 컨디션쩔던데
1509162266,준몬,빠따 세주 없으면 어케 되냐
1509162266,퍼스트클래스,샘숭
1509162267,겐조산조,34위전 안한다
1509162267,후니상,2016년 리벤지 가냐
1509162267,oxidecircle,중국 없는 중국 대횤ㅋㅋㅋㅋ
1509162267,khs224,롱주전컨디션이 미치긴했지
1509162267,rkdrbs23,3대0각
1509162267,지렁이정력,존야 ㄷㄷ
1509162268,woodi1122,2016 만들자
1509162268,reignoldridge,철면수심;
1509162268,잼구나이트,응 도 서 관
1509162268,DokdoJikimi,삼성 파이팅
1509162268,아인스타인,베이징 도서관 만들자!!!
1509162268,Tjd8665,쪼끔
1509162268,쏘오오옹,결국 플레임 질문은 넘어감 ㅋㅋㅋㅋㅋㅋㅋㅋㅋㅋㅋㅋㅋㅋ
1509162269,jellykon,ㅋㅋㅋㅋㅋㅋㅋㅋㅋㅋ
1509162269,사과맛요거트,유부남의 힘을 무시하지마라
1509162270,kns7977,바나나만 잘 준비하면 됨
1509162270,우비를쓰자,삼성이 이겨 ㅡㅡ
1509162270,haew0805,무난ㅇㅣ 허ㅣ케인
1509162270,harry_wp0011,플레임 아무말도 못했죠?
1509162270,디어칼테,곽도원 ㅋㅋㅋㅋㅋㅋㅋ
1509162270,zcxvadsfqeer,위메프 vs 삼성 ㄷㄷㄷㄷㄷㄷㄷㄷㄷ
1509162270,네오비온,응 빠따갓이 빠따친다
1509162270,해리퐁,ㅋㅋㅋㅋㅋㅋㅋㅋㅋ RNG 도 버프 먹고 졋는데
1509162271,단비ㅣ,쪼끔
1509162271,홍학이,쑤심이형 은제 ogn갔냐
1509162271,kw3395,2016리매치각인듯
1509162271,deadlyspinning,철면수심이 조세호 더빙하네
1509162271,Eun05231,진배다 진배
1509162271,a0kyu0q,빛 ㅡㅡㅡㅡㅡㅡㅡㅡㅡㅡ 성
1509162271,주인님의충직한개입니다,도서관가자 !
1509162272,yoohoobaba,삼성이 진짜 성장함 ㄷㄷ
1509162272,내가옴,삼성이 힘든경기하지 결국은 이긴다는거네
1509162272,nousersname,삼성 가자
1509162272,골판지비행기,짜ㅡㅡㅡ황
1509162272,ggez420,957 ㅋㅋㅋㅋㅋㅋㅋㅋㅋ
1509162272,마이클캐릭,플레임 말도 별로 못 했음ㅋㅋㅋㅋㅋㅋㅋㅋㅋ
1509162273,dovoodoo1,ㅋㅋㅋㅋㅋㅋㅋㅋㅋㅋㅋㅋㅋ
1509162273,보스키,삼성 이겨랏! BloodTrail BloodTrail BloodTrail
1509162273,nvermiculus,결승전 내전가면 경기장 사람 오겟나
1509162273,pksgpl,솔직히 삼성이 질거같지 않다
1509162274,Jcastle247,큐베 바나나 한다발 줘라
1509162274,sucessful2002,시예제이스나
1509162274,트위치카이팅,중국 없는 중국 대회ㅋㅋㅋㅋㅋㅋㅋㅋㅋㅋㅋ
1509162274,어리어리어리,이제
1509162274,우주,탑에서 박살낼듯
1509162274,Heranya,프레임 ㅋㅋ
1509162275,마요쟝,쟝개는 밟아줘야제맛 ㅋㅋ
1509162275,LoLsnkoo,이제이제
1509162275,hanana50502,이제
1509162275,쌈빡,16 리매치가자
1509162275,heavens277,플레임 있었냐
1509162275,bigdolchangman,존잘 ㅠㅠ
1509162275,Havefeel,철수형 준비 많이햇네
1509162276,Juiceholic,진짜 개잘생겼네
1509162276,누누야똥누누,이제
1509162276,개포동건물주,질문 안한?
1509162276,nice2965,이제
1509162277,abysswinter,롤챔스 가을리그 결승전 만들자!!
1509162277,깨세라,이제ㅋㅋㅋㅋㅋㅋㅋㅋㅋㅋㅋ
1509162277,냉정함,이제
1509162277,어휴한심,ㅋㅋㅋㅋㅋㅋㅋㅋㅋㅋㅋㅋ 배고파서 3 : 0
1509162277,suiruel,플레임 ㅋㅋㅋㅋ
1509162277,레메사,이제빌런
1509162277,김득득,ㅋㅋㅋㅋㅋㅋㅋㅋㅋㅋㅋㅋㅋㅋㅋㅋㅋㅋㅋㅋㅋㅋㅋㅋㅋㅋㅋㅋㅋ
1509162277,베어핏,조선족 풀발기
1509162277,wangburisuk,정보) WE 우승
1509162277,잔슨김,EJ
1509162277,음하핫,중국없는 중국대회 ~~~
1509162277,무지개색미라클,트바
1509162277,풍쿤,결국 플레임 존야행
1509162277,지루해서하품,샘숭~
1509162278,눈이예뻐요,ㅋㅋㅋㅋㅋㅋㅋㅋㅋ
1509162278,목표는어디,이제 이제
1509162278,SkyUOn,이제
1509162278,로맨틱가이,이제
1509162278,참무새,이이제에에에
1509162278,잎새,e제
1509162278,Tthoto,쪼끔은 ㅋㅋㅋ
1509162278,마랍,이제
1509162278,심패쉬,골택갓
1509162278,크리아토,2데
1509162278,Rla4153,we 가 지금 향로졷망겜에서 바텀이 거의 무산성급아니냐
1509162278,겜창치대생,이제
1509162278,yoon4538,대ㅡㅡㅡㅡㅡㅡ본
1509162278,언제나충성을,엠비션 카톡 내역 공개해라
1509162278,빙구야,3이제
1509162278,세계인정협회,플바
1509162279,가벼운발걸음,저는 이제
1509162279,킬고양이,이제
1509162279,Piemunchermhm,이제
1509162279,2번따무새,이제
1509162279,같이간다,플레임 ㅋㅋㅋㅋ 존야 풀림 ㅋㅋㅋㅋㅋㅋ
1509162280,huryun,2제
1509162280,열공학재료공업,이제
1509162280,콭퉄,이제이제이제이제
1509162280,미스포츈,이제..
1509162280,ㅇㅈㅇㄴ,이제 ㅋㅋㅋㅋㅋㅋㅋㅋ
1509162280,Golloganda,이제
1509162281,tkddlzh,이제
1509162281,무메이0,이제이제
1509162281,여우뫼,이제
1509162281,미사갓,이제
1509162281,Caution_kr,2ㅈ
1509162281,웁곰,2제
1509162281,그후,슼상대로 2세트 따내고 3세트 멱살잡이한 큐베가 결국 박살낼듯
1509162281,하이돌이,이제
1509162281,anewlakekcu1215,읃어서
1509162281,유전무죄무좀유죄,E제
1509162281,팥빵미인,이제
1509162281,돼지감정단,eze
1509162281,17씹삼,ㅇㅈ
1509162281,문미앤드허,2제
1509162281,고양이수염,이제
1509162281,솜솜코,이제
1509162281,pxsona,이제
1509162282,키스미달링,불빠따
1509162282,star2user,이제
1509162285,설리질리,이제
1509162285,쁠투,이제
1509162285,밀크우유,EJ
1509162285,눈꽃은처연히피고,이제
1509162285,게임보는중,ㅇㅈㅇㅈ
1509162285,단순호치_,이제5
1509162285,pssorry,삼성이 3-1 혹은 3-0으로 바른다에 한 표.
1509162285,츠으키,ㅇㅈ
1509162285,shazabi7,ㅇㅈㅇㅈㅇㅈ
1509162285,swk616,이제
1509162285,배숙희라빈순설희원,코그모 밴하면 삼성이김
1509162285,zxcv8342,이제 2제 E제
1509162285,공익따무새,이제
1509162285,블블갓겜,이제 ㅋㅋ
1509162285,softian,2제
1509162285,넥서스,이제 이제 ㅋㅋㅋ
1509162285,은지바라기_송라비,이제이제이제이제이제
1509162285,별나비,이제맨
1509162285,우왁두,ㅋㅋㅋㅋㅋㅋㅋㅋㅋㅋㅋㅋ
1509162285,트기장시뤄,이제
1509162286,에키홀릭,ㅇㅈㅇㅈ
1509162286,사르르르,라이엇 한국 내전나오몆 베이징 다 못채울 생각에 혈압오르지
1509162286,루크천사,이제 ㅋㅋㅋㅋㅋㅋㅋㅋㅋㅋㅋㅋㅋㅋㅋㅋㅋㅋㅋㅋㅋㅋㅋㅋㅋㅋㅋㅋㅋㅋ
1509162286,아다왕조강현,이제
1509162286,danmuge,플레임 옆모습 진짜 미쳤다
1509162286,쿠보유리카_유플에,2제2제2제2제2제2제2제
1509162286,xz3070,이제
1509162286,우라니,이제
1509162286,달랑벨,이제 ㅋㅋㅋㅋㅋㅋ
1509162286,웹서퍼,이제
1509162286,Ldh1000,걍 한국늦게만나면 조금이라도 더 올라가는거야~
1509162286,수징나카,이제
1509162286,yuiluv,ㅋㅋㅋㅋㅋ
1509162286,VamVeal,빛 이 제
1509162286,아칼린,플레임 활짝 ㅋㅋㅋㅋㅋㅋㅋㅋㅋ
1509162286,당신들누구야읍읍,이제
1509162286,플라워댄스,은퇴해야지 너는
1509162286,따아아악따악무새,이제~
1509162288,heowon8867,짜장떨어지니까 유사짜장응원하네
1509162288,cjkmail,신난당~~
1509162288,츠봄이,이제
1509162288,quasar2142,ㅋㅋㅋㅋㅋㅋㅋㅋㅋㅋㅋㅋㅋㅋㅋㅋㅋㅋㅋㅋ
1509162288,diwo6421,이제
1509162288,minsak,이제 조무사
1509162288,쿨파,이제이제?
1509162288,트렙,이제갑ㅋㅋㅋㅋ
1509162288,킁킁이는배그왕,2제
1509162288,인생무단횡단,EE
1509162288,킁카,이제무새;;;
1509162288,티무르,2제
1509162288,zzongwon,4제
1509162288,식남,이제 빌런 ㅋㅋㅋㅋㅋㅋㅋㅋㅋㅋㅋㅋㅋㅋㅋ
1509162288,blacksoybeam,2제
1509162288,가오나시ㆀ,이제이제
1509162289,inthesafezone,이제
1509162289,bestreply,2제
1509162289,엘보으,2제
1509162289,황물기,ㅜㅜ
1509162289,호세,이제무새
1509162289,승윤윤,이제이제이제
1509162289,earliblue,이제
1509162289,레스또랑,이제
1509162289,자두색,순혈 중궈팀 아니라서 홈팬 별로 없지 않나?
1509162289,Smdfur78,이제
1509162289,가브리엘충신,이제
1509162289,Kwt0728,이제
1509162289,asmrholic,2제
1509162289,군만두마시쪙,2제
1509162289,특수효과,해설 아냐 이자식아 ㅋㅋㅋ
1509162289,Kharute,이제이제
1509162291,위선자32,ㅋㅋㅋㅋㅋㅋㅋㅋㅋㅋㅋㅋㅋㅋㅋㅋㅋㅋㅋㅋ
1509162291,NOGOJIRI,이제
1509162291,리사임,ㅋㅋㅋㅋㅋㅋㅋ
1509162291,zic003,ㅠㅠ
1509162291,아리펫,2제무새
1509162291,가넷,중계요?
1509162291,선동준,E제
1509162291,인생의쓴맛,2제
1509162291,打打打打打打打打打,EJEJEJ
1509162291,파바바밧,이제
1509162291,duduji11,한국 1위 2위 가자 ㅋㅋㅋㅋㅋㅋㅋㅋ이제이제이제
1509162292,kbkb33,이제
1509162292,manscheris,IMT
1509162292,dandelion_2k17,이제 빌런 진잨ㅋㅋㅋㅋㅋㅋㅋㅋㅋㅋㅋㅋ
1509162292,이온캐논,이제
1509162292,fhdltm618,이제 이제
1509162292,cyanphon,ㅜㅜ
1509162292,mahoutsukai_k,SKT 플레임
1509162292,hiru147,yee-제
1509162292,Gksdltka,아재
1509162292,쑥차라떼,이제~~
1509162292,미드라잇,빠 황
1509162292,luppinich,이제 플레임
1509162292,dotol3000,ㅋㅋㅋㅋㅋㅋㅋㅋㅋㅋㅋㅋㅋㅋㅋㅋㅋㅋㅋㅋㅋㅋㅋㅋㅋㅋㅋㅋㅋ
1509162293,ngtv_pro,이제 명 선거운동
1509162293,비밀의문,이제 이제 이제 이제 이제 이제
1509162293,As3654789,ㅜㅜ
1509162293,베론,2제~
1509162293,입석,ㅋㅋㅋㅋㅋㅋㅋㅋㅋㅋㅋㅋㅋ
1509162293,dbsckdrl85,나이제~
1509162293,keepditto,4제 ㅋㅋㅋㅋㅋㅋ
1509162293,풍팟퐁커리,2제
1509162293,Kman0001,골텍의 눙물 ㅜㅜ
1509162293,옵저버피하기,이제이제
1509162293,dbstjd3160,ㅜㅜㅜㅜㅜㅜㅜㅜㅜㅜㅜ
1509162293,슼슼카이,이제 빌런 인가?
1509162293,Flight_Attend4nt,이젠
1509162293,Kuaang,이제임ㅋㅋㅋㅋㅋㅋㅋㅋㅋ
1509162293,william9198,2제
1509162293,땡굴이,이제ㅋㅋㅋㅋㅋㅋㅋㅋㅋㅋ
1509162294,응차단,이제 몇번을 말함 ㅋㅋㅋㅋㅋㅋㅋㅋㅋㅋㅋㅋ
1509162294,edq121,이제명
1509162294,두마리꼬꼬,ㅜㅜ
1509162294,leegimin1213,2제2제2재
1509162294,얍얍내꺼수고,이제 빌런 ㅋㅋㅋㅋㅋㅋㅋㅋㅋㅋㅋㅋㅋㅋㅋㅋㅋㅋㅋㅋ
1509162294,꽈직,이제빌런
1509162294,싱싱한피즈,이제이제이제이제이제이제이제이제이제이제이제이제
1509162294,은하수,1이제 2이제 3이제 4이제
1509162294,garisak,ㅠㅠ
1509162294,흰색까마귀,ㅋㅋㅋㅋㅋㅋㅋㅋㅋㅋㅋㅋㅋㅋㅋㅋㅋㅋㅋㅋㅋ
1509162294,dalyoyil,이제
1509162294,태피,2제~~~
1509162294,지영승,ㅋㅋㅋㅋㅋㅋㅋㅋㅋㅋㅋㅋㅋㅋㅋ
1509162295,mihaelsam,ㅋㅋㅋㅋㅋㅋㅋㅋㅋㅋㅋㅋㅋ
1509162295,하루종일,ㅋㅋㅋㅋㅋㅋㅋㅋㅋㅋㅋ
1509162295,초코맛티라미수,ㅋㅋㅋㅋㅋㅋㅋㅋㅋㅋㅋㅋㅋㅋㅋ
1509162295,BrLogic,이제 무새;;
1509162295,이런이런,이제충~
1509162295,공기구름,이제이제 ㅋㅋㅋㅋㅋㅋㅋ
1509162295,타빡이,이제
1509162295,브라데0759,ㅋㅋㅋㅋㅋㅋ
1509162295,tlsgks78,이제이제이제이제이제이제이제이제이제이제이제이제이제이제이제이제이제이제이제이제
1509162296,denipan123,ㅠ_ㅠ...
1509162296,kimchanjoo,롤드컵 광탈 ㅋㅋㅋㅋㅋㅋㅋㅋㅋㅋ
1509162296,민초요,이제
1509162296,mi0nz,ㅠㅠㅠ
1509162296,minSP,ㅋㅋㅋㅋㅋㅋㅋㅋㅋㅋㅋㅋ
1509162296,사과맛요거트,2제
1509162296,qogksqor,이2제e
1509162296,박춘베,아쉽
1509162296,01099410536,ㅋㅋㅋㅋㅋㅋㅋㅋㅋㅋㅋㅋㅋㅋㅋㅋ
1509162296,은주찡,이제이제이제이제이제이제이제이제이제
1509162296,Modelick,EJ
1509228408,uncomp,우냐
1509162297,whitebrownco,ㅋㅋㅋㅋㅋㅋㅋㅋㅋㅋㅋㅋㅋㅋㅋ
1509162297,재개미,이제이제
1509162297,파르패,ㅋㅋㅋㅋㅋㅋㅋㅋㅋㅋㅋㅋㅋㅋㅋㅋㅋㅋㅋㅋㅋ
1509162297,타치바나_리카,저걸 그냥
1509162297,fancyff,2제
1509162297,hc9753,ㅋㅋ
1509162297,ymw2417,2제
1509162297,김장맨,ㅠㅠㅠㅠㅠㅠㅠㅠ
1509162298,youn0429ha,ㅋㅋㅋㅋㅋㅋㅋㅋㅋㅋㅋ
1509162298,센마찡,이제12스택
1509162298,낭식님,ㅜㅜ
1509162298,knH828,사제
1509162298,아담한,해설 자리 탐내는듯
1509162298,Sangkom,ㅋㅋㅋㅋㅋㅋㅋㅋㅋㅋㅋㅋㅋ
1509162299,Lovemountin,콩을 위한
1509162299,1년後,이제
1509162299,보고타,이제왕
1509162299,cjent1five,ㅋㅋㅋㅋㅋㅋㅋㅋㅋㅋㅋㅋ
1509162299,달나방,2제
1509162299,knildea,ㅋㅋㅋㅋㅋㅋㅋㅋㅋㅋ
1509162299,swiftpark,이제 빌런
1509162299,Cesaka,해설을 언제하셨쬬???
1509162299,조은나래,2제~~~
1509162299,양념가로쉬프림,ㅁ뭘 자꾸 해설이래
1509162299,도토리,나이제~
1509162299,꽁이유,e제 e제 이제
1509162300,펜이,애네 분석가 아님?
1509162300,HappyDummY_,아 cj네 생각해보니까
1509162300,rlatjdrb03,2제
1509162300,후위,ㅋㅋㅋㅋㅋ이네
1509162300,홍쉐풍좋아,이제 플레임선수
1509162300,나돈없다,ㅋㅋㅋㅋㅋㅋㅋㅋㅋㅋㅋ 이제 정말 대단하다
1509162300,콩삼콩삼,이제빌런..........
1509162300,wlgh5060,닉네임 이제로바꾸자
1509162300,쟤때문에심쿵,yee제
1509162300,shift1703,E제
1509162300,veresk777,LUL LUL LUL LUL LUL
1509162300,dogde4th,이제 ㅋㅋㅋㅋㅋㅋㅋㅋㅋㅋㅋㅋㅋㅋ
1509162300,bluespeea,SKT로 이적해와. 식스맨 ㄱㄱ
1509162301,Lhg1628,이제 빌런 ㅋㅋㅋㅋㅋㅋㅋㅋㅋㅋㅋ
1509162301,주디는사랑이다,이제
1509162301,동희짱1234,2호종
1509162301,흔한풍뎅이,ㅋㅋㅋㅋㅋㅋㅋㅋㅋㅋ
1509162301,칸나하시모토,이제
1509162301,건빵들의왕,이제 200 스택 쌓인듯
1509162301,롤드컵보구시작,ㅇㅈ x 6
1509162301,nolbujaebi,2제임
1509162301,시에라비,이제 머신건이네
1509162302,2malnyun_sereis_2_want_it,ㅋㅋㅋㅋㅋㅋㅋㅋㅋㅋㅋ
1509162302,무자비,이제동
1509162302,lastrapter,긴장이 좋은 경험이 됐냐 ㅋㅋㅋ
1509162302,잘생긴게죄다,이제좀 제발 그만 이제
1509162302,teb5764,ㅋㅋㅋㅋㅋㅋㅋㅋㅋㅋㅋㅋㅋ
1509162302,freheit,7 이제
1509162302,뱃살어택,그럼 중국가라
1509162302,예감치즈그라탕,ㅠㅠㅠㅠㅠ
1509162302,리만제타함수,이제이제이제이제이제이ㅔㅈ
1509162302,블랙베리,착-잡
1509162302,hm94205,ㅠ_ㅠ
1509162302,twitch3130,ㅋㅋㅋㅋㅋㅋㅋㅋㅋㅋㅋㅋㅋㅋㅋ
1509162302,골판지비행기,골텍ㅋㅋㅋㅋ
1509162303,gg_yo,VaultBoy VaultBoy VaultBoy
1509162303,통감자에오,ㅋㅋㅋㅋㅋㅋㅋㅋㅋㅋㅋㅋㅋ
1509162303,화산임반수,이제
1509162303,bellhorn9602,이제종
1509162303,kimsohyeshire,그럴수있지...
1509162303,punkcrisis,가식ㅋㅋㅋ
1509162303,모홀,ㅋㅋㅋㅋㅋㅋㅋㅋㅋㅋㅋㅋㅋㅋㅋㅋㅋㅋㅋㅋㅋㅋㅋ그렇게 많진 않다
1509162303,로버트랭던,오호
1509162304,누앙크앙카앙,이제이제이데이제티제티제티지티제이제이제이지
1509162304,마이클캐릭,아깐 해설이라며 ㅋㅋㅋㅋㅋㅋㅋㅋ
1509162305,jun9706,ㅠㅠㅠㅠㅠ
1509162305,deadlyspinning,머나먼 이제
1509162305,vbox424,순간순간챱챱
1509162305,LoLsnkoo,이제이제이제
1509162305,먹먹이,ㅋㅋㅋㅋㅋㅋㅋㅋㅋ
1509162305,rehabcenter,맨날만날 이제이재
1509162305,nohostt,BibleThump BibleThump
1509162305,hps2924450,프나틱......
1509162306,june3006,eze
1509162306,kcssout,광타 ㄹㅋㅋㅋㅋㅋㅋㅋㅋㅋㅋ
1509162306,해리콥터,e제e제
1509162307,낭만모기,은원
1509162307,Moondal29,ㅋㅋㅋㅋㅋㅋㅋㅋㅋㅋㅋㅋ
1509162307,sky03210,ㅋㅋ
1509162307,까스미,블레이즈 ㅠㅜ
1509162307,롤하는누나,ㅋㅋㅋㅋㅋㅋㅋㅋㅋㅋㅋㅋㅋㅋㅋㅋㅋㅋㅋㅋㅋㅋ
1509162307,osu_5ex,이제빌런 ㅋㅋㅋㅋㅋㅋㅋㅋㅋㅋㅋㅋㅋㅋㅋ
1509162307,뭬라고오,2제...2제...
1509162307,팥덕후,골텍
1509162308,rammmmmmus,7 이제죠
1509162308,겨자소스,대변인이냐
1509162308,Caution_kr,ez
1509162308,Jade3312,ㅋㅋㅋㅋㅋㅋㅋㅋㅋㅋㅋㅋㅋㅋㅋ
1509162308,크륵크륵,기장님 비행기는 어디갔어?
1509162308,arcsion,ㅋㅋㅋㅋㅋㅋㅋㅋㅋㅋㅋㅋㅋㅋㅋㅋ
1509162308,구로구,패드리퍼
1509162309,Swordofwind,?
1509162309,샤이탄,ㅠㅠㅠㅠ
1509162309,jeongjude22,zzzzzzzzzzzzzzzzzzz
1509162310,jesung830,해설자리 노리는데
1509178656,레이누,ㅋㅋㅋㅋㅋㅋㅋㅋ
1509162310,valsanado,중국 없는 중국홈 각인데
1509162310,강퇴,약간 쫌
1509162310,방송좀하세요,좀 슬프넹
1509162311,뭐요뭐가요,2젴ㅋㅋㅋㅋㅋㅋㅋㅋㅋㅋㅋㅋㅋㅋㅋㅋ
1509162311,tkddlzh,이제x100
1509162311,ggorory,ㅋㅋㅋ
1509162312,Golloganda,포 장
1509162312,꾸웨에,ㅋㅋㅋㅋㅋㅋㅋㅋㅋㅋㅋㅋㅋㅋㅋㅋㅋㅋㅋ
1509162312,냥냥봉,2제빌런
1509162312,램파드닉누가쓰냐,이제 ㅋㅋㅋㅋㅋㅋㅋㅋㅋㅋㅋㅋㅋㅋㅋㅋㅋㅋㅋㅋㅋㅋㅋㅋㅋ
1509162313,dbehdwo07,2제e제2제e제
1509162313,찢어진도화지,ㅜㅜㅜㅜㅜㅜㅜㅜㅜㅜㅜㅜㅜㅜ
1509162313,LHJ3496,가식종
1509162313,곰돌이님,아이고 골텍아 ㅋㅋ
1509162313,글피간다,그냥 적당히 있다
1509162313,플라워댄스,? 가식
1509162314,클래스4,zzzzzzzzzzzz
1509162314,yoon4538,e제 인제 2제
1509162314,여우뫼,ㅋㅋㅋ
1509162314,리안하르트,패드리퍼
1509162314,제이데커,웃는거봐 ㅋㅋ
1509162314,swk616,이제 빌런 ㅋㅋㅋㅋㅋㅋㅋㅋ
1509162314,bigdolchangman,철수형 ㄷㄷ
1509162315,단순호치_,이제
1509162315,파이어볼2개,1제 2제 3제 4제 5제 몇번 이제 하면 그만할려나
1509162315,cptmzld1004,ㅠㅠㅠㅠㅠㅠㅠㅠ
1509162315,목표는어디,기장님....
1509162315,buggh1234,이제로 시작해 이제로 끝난다 이제\
1509162315,다크팩토리,응 패드리퍼
1509162315,saltking111,응 패드리퍼
1509162316,똘판다,"cj 동무,,"
1509162316,독막,BibleThump BibleThump BibleThump BibleThump
1509162316,호부호형,이제
1509162316,jofopas,블레이즈ㅠㅠㅠ
1509162316,ronabad,이제
1509162317,blacksoybeam,이제=진심
1509162317,Hanliu1108,귀엽다
1509162317,zzaos1,임모탈스
1509162317,킁카,목소리가 쑤심형 닮았냐 ㅋㅋ
1509162318,숲플레,dlwpdla
1509162318,kdskim90,ㅋㅋㅋㅋㅋㅋ
1509162318,akato83,이제 틱
1509162319,무메이0,이호종 은퇴 은제하냐
1509162319,팥빵미인,말 잘하셔
1509162319,펜타킬올해는아직,내년 슼탑은 내꺼다
1509162319,skyofsoul,에스케이 가라 ㅋㅋㅋㅋㅋㅋ
1509162319,겜창치대생,2제충이라 안됨
1509162319,웁곰,왜 끼어드셈
1509162320,돼지감정단,2ze
1509162320,유럽여행전문가,ㅋㅋㅋㅋㅋㅋㅋㅋㅋㅋㅋㅋㅋㅋㅋㅋㅋㅋㅋㅋㅋㅋㅋㅋㅋㅋㅋㅋㅋㅋㅋㅋㅋㅋㅋㅋ
1509162320,rkdrbs23,이이제
1509162320,김학순님,ㅇㅈㅇㅈ
1509162320,hanana50502,ㅇㅈㅇㅈㅇㅈㅇㅈㅇㅈㅇㅈㅇㅈㅇㅈㅇㅈㅇㅈㅇㅈㅇㅈㅇㅈㅇㅈㅇㅈ
1509162320,jooni15,철수형
1509162320,서울의달,골텍..
1509162321,Moongomi,사이아인 니가뭔대..
1509162321,키스미달링,???
1509162321,제목빌런,그렇근
1509162321,b2p4ss,칸vs플레임
1509162321,무지개색미라클,포ㅡㅡㅡ장
1509162322,oanjun,북미팀으로는 안돼....
1509162322,leegimin1213,이제 배가고파서 이제 3판안으로 이제끝내겠습니다이제
1509162322,단비ㅣ,이제이제
1509162322,Kstaring7,BibleThump
1509162322,suiruel,ㅠㅠㅠㅠㅠㅠㅠㅠㅠㅠㅠㅠㅠㅠㅠ
1509162323,치즈킴빱,쑤심이형이 왜 여깄어?
1509162323,세카이노오와리,ㅋㅋㅋㅋㅋㅋㅋㅋㅋㅋㅋㅋ
1509162324,펌킨헤드,동무 ㅋㅋㅋㅋㅋㅋㅋㅋㅋㅋㅋㅋㅋㅋㅋㅋㅋㅋ
1509162324,katarote12,조세호말많어
1509162325,수박달,2제
1509162325,닿다,노답갓...
1509162325,jangyk2021,코디썬이또
1509162325,denipan123,이이제이
1509162325,Mrpak53,기장님의 꿈.....
1509162326,에뿌낄라,철면수심
1509162326,Flight_Attend4nt,E제 이제 2제 EZE
1509162326,시벨레스,잘생겼다
1509162326,ryuckman94,블레이즈 시절 이미지 ㅋㅋ
1509162327,하모니카신동,누가봐도 가식아닌데 ㅋ
1509162327,민초요,이제
1509162328,glanz07,잘생겼다
1509162328,곰친,개존잘이네..
1509162328,키약,내일도 ㄷㄷ
1509162328,눈이예뻐요,ㅋㅋㅋㅋㅋㅋㅋㅋㅋㅋㅋ
1509162328,조은나래,이이제이
1509162328,끠넛끠넛,ㅋㅋㅋㅋㅋㅋㅋㅋㅋㅋㅋㅋㅋㅋㅋㅋㅋㅋㅋㅋㅋㅋ
1509162329,jypark2934,ㅋㅋㅋㅋㅋㅋㅋㅋㅋㅋㅋㅋㅋㅋㅋㅋㅋㅋㅋㅋㅋㅋㅋㅋㅋ
1509162329,난설월화,ㅋㅋㅋㅋㅋㅋ
1509162329,딸기바나나사과,ㅋㅋㅋㅋ
1509162330,打打打打打打打打打,일해라
1509162330,타마냥,ㅋㅋㅋㅋㅋㅋㅋㅋ
1509162330,hugemistakes,철벽
1509162330,치토끼,한가하니까 ^^
1509162330,17씹삼,ㅋㄴㅋㅋㅋㅋㅋㅋㅋㅋㅋㅋㅋㅋㅋㅋㅋㅋㅋㅋ
1509162330,허준보다힐잘함,ㅋㅋㅋㅋㅋㅋㅋㅋㅋㅋㅋㅋㅋㅋ
1509162330,hc9753,이제ㅋㅋ
1509162330,황물기,ㅋㅋㅋㅋㅋㅋㅋㅋ
1509162330,단순_,철수형이 왜저기있어?
1509162330,초코맛티라미수,한가하니까 ㅋㅋㅋㅋㅋㅋㅋ
1509162330,다음생은조강현으로,철수하
1509162330,주니황,엌ㅋㅋㅋ 철면수심
1509162330,sum85,ㅋㅋㅋㅋㅋㅋㅋㅋㅋㅋ
1509162331,FAQrobot,ㅡㅡ
1509162331,scheriet,단군도 해설 잘한다
1509162331,はやみかなで,한가하니깐
1509162331,김동률목소리,ㅋㅋㅋㅋㅋㅋㅋㅋㅋㅋㅋㅋㅋㅋㅋ
1509162331,에어가이츠,ㅠ.ㅠ
1509162331,Foodduck,ㅋㅋㅋㅋㅋㅋㅋㅋㅋㅋㅋ
1509162331,아인스타인,ㅋㅋㅋㅋㅋㅋㅋㅋㅋㅋㅋㅋㅋㅋㅋ
1509162331,huryun,2제
1509162332,갤러거,ㅋㅋㅋㅋㅋㅋㅋㅋㅋㅋㅋㅋㅋ
1509162332,꿍딱,ㅋㅋㅋㅋ
1509162332,이틀,ㅋㅋㅋㅋㅋㅋㅋㅋㅋㅋ
1509162332,jieunmin0722,ㅋㅋㅋㅋㅋㅋㅋㅋㅋ
1509162332,mihaelsam,ㅋㅋㅋㅋㅋㅋㅋㅋㅋㅋㅋㅋㅋㅋㅋㅋㅋ
1509162332,ken92325,인벤 터짐 ㅋㅋㅋ
1509162332,식남,이제좀 많이 듣고싶었는데 아쉽네
1509162332,Jcastle247,ㅋㅋㅋㅋㅋㅋㅋㅋㅋㅋㅋㅋㅋ
1509162332,와이키베베,ㅋㅋㅋㅋㅋㅋㅋㅋ
1509162332,harry_wp0011,ㅋㅋㅋㅋㅋㅋㅋㅋㅋㅋㅋㅋ
1509162332,파르패,ㅋㅋㅋㅋㅋㅋㅋㅋㅋㅋ
1509162332,mahoutsukai_k,ㅋㅋㅋㅋㅋ
1509162332,에그라,손감독 ㅋㅋㅋㅋㅋㅋㅋㅋ
1509162332,hm94205,ㅋㅋㅋㅋㅋㅋㅋㅋㅋㅋㅋㅋ
1509162332,에즈디얼,ㅋㅋㅋㅋㅋㅋ
1509162332,dlehgns11,이제이제이제이제이제
1509162332,마이클캐릭,?
1509162332,killgag,ㅋㅋㅋㅋㅋㅋㅋㅋㅋㅋㅋㅋ
1509162332,웹서퍼,한가하니깤ㅋㅋㅋ
1509162332,LoLsnkoo,ㅋㅋㅋㅋㅋㅋㅋㅋㅋㅋㅋㅋ
1509162332,이슈타르,할게 없어요ㅋㅋㅋㅋㅋ
1509162333,토니웩,ㅋㅋㅋㅋㅋㅋㅋㅋㅋㅋㅋㅋㅋㅋㅋ
1509162333,Klysoy,ㅋㅋㅋㅋㅋㅋㅋㅋㅋㅋㅋㅋㅋㅋㅋㅋㅋ
1509162333,새벼기발갓습니다,ㅋㅋㅋㅋㅋㅋㅋㅋㅋㅋㅋㅋㅋㅋ
1509162333,아칼린,ㅋㅋㅋㅋㅋㅋㅋㅋㅋㅋㅋㅋㅋㅋㅋㅋㅋㅋㅋㅋㅋ 극딜 ㅋㅋㅋㅋㅋㅋㅋㅋㅋㅋㅋㅋㅋ
1509162333,be_tricky02,ㅋㅋㅋㅋㅋㅋㅋㅋㅋㅋㅋㅋㅋㅋ
1509162333,passion1265,BibleThump
1509162333,더티마인드,할게없어여
1509162333,팟수쿤,한가잼
1509162333,놀래미좋아,이제 스택5
1509162333,erd5396,ㅋㅋㅋㅋㅋ
1509162333,무민,한가하니까ㅋㅋㅋㅋㅋㅋㅋ
1509162333,골판지비행기,골텍ㅋㅋㅋ
1509162333,fhdltm618,할게없어요 ㅠㅠㅠ
1509162333,구기자술,할게 없대 ㅋㅋㅋㅋㅋㅋㅋ
1509162335,샤이보이,ㅋㅋㅋㅋㅋㅋㅋㅋㅋㅋㅋㅋㅋㅋㅋ
1509162335,안녕하세요이유님,단군 : 넌 해설못하겠다
1509162335,아트콩,ㅋㅋㅋㅋㅋ
1509162335,김치찌개에밥,ㅌㅌㅌㅌㅌㅌ
1509162335,주인님의충직한개입니다,한가
1509162335,심패쉬,ㅠㅠㅠㅠ
1509162335,올타임,5분대기조 ㅋㅋㅋ
1509162335,내가옴,강제출근행
1509162335,ahdkem,이제이제이제이제이제이제이제이제
1509162335,Jade3312,백수 ㅋㅋ
1509162335,Lylandris,ㅋㅋㅋㅋㅋㅋㅋㅋㅋㅋㅋㅋ
1509162335,oxidecircle,플레임 의문의 인사
1509162335,해리콥터,ㅋㅋㅋㅋㅋㅋㅋㅋㅋㅋㅋ
1509162335,똘강,ㅋㅋㅋㅋㅋㅋㅋㅋㅋㅋㅋㅋㅋㅋㅋㅋㅋㅋㅋㅋㅋㅋ
1509162335,밀크우유,플레임(EJ) : 프로게이머
1509162335,minimaxmized,한가 ㅋㅋ
1509162336,미안해솔직하지못한내가,한ㅡㅡㅡㅡ가 ㅋㅋ
1509162336,도리카무,ㅋㅋㅋㅋㅋㅋㅋㅋㅋㅋㅋㅋㅋㅋㅋㅋㅋ
1509162336,브라데0759,할게없어요
1509162336,zktmvp1014,할게 없대 ㅋㅋ
1509162336,뒤를닦는자,한가 ㅋㅋㅋㅋㅋㅋㅋㅋ
1509162336,kyungbae9129,ㅋㅋㅋㅋㅋㅋㅋㅋㅋㅋㅋㅋㅋ
1509162336,데챠아앗,ㅋㅋㅋㅋㅋㅋㅋㅋㅋㅋㅋㅋㅋㅋㅋㅋㅋㅋㅋㅋㅋㅋㅋㅋㅋㅋㅋㅋㅋㅋㅋㅋㅋㅋㅋㅋㅋㅋㅋㅋㅋㅋㅋㅋㅋㅋㅋㅋㅋ
1509162336,freheit,오~~
1509162336,졍량,한가하대 ㅋㅋㅋㅋㅋ
1509162336,kimotti7656,ㅋㅋㅋㅋㅋㅋㅋㅋㅋㅋㅋㅋㅋㅋㅋㅋㅋㅋㅋㅋㅋㅋㅋㅋㅋㅋㅋㅋ
1509162336,2번따무새,내일 프레이?
1509162336,W_ODEO,할게없뎈ㅋㅋㅋㅋㅋㅋㅋㅋㅋㅋㅋㅋㅋㅋㅋㅋㅋㅋㅋㅋㅋㅋㅋㅋㅋㅋㅋㅋㅋ
1509162336,SyriKa_,ㅋㅋㅋㅋㅋㅋㅋㅋㅋㅋㅋㅋㅋㅋㅋㅋㅋㅋㅋㅋㅋㅋㅋㅋㅋㅋㅋㅋㅋㅋ
1509162336,Nikayaa,ㅋㅋㅋㅋㅋㅋㅋㅋㅋㅋㅋㅋㅋㅋㅋㅋㅋㅋㅋㅋㅋㅋㅋㅋ
1509162336,티무르,ㅋㅋㅋㅋㅋㅋㅋㅋㅋㅋㅋㅋㅋ
1509162336,planet9lsu,한가ㅡㅡㅡㅡㅡㅡㅡ
1509162336,다비드_비야,이제 안녕
1509162336,쿠보유리카_유플에,ㅋㅋㅋㅋㅋㅋㅋㅋㅋㅋㅋㅋㅋㅋㅋㅋㅋㅋㅋㅋㅋㅋㅋㅋㅋㅋㅋㅋㅋㅋㅋㅋㅋㅋㅋㅋ
1509162336,shift1703,할게없죠?
1509162336,쿠푸푸,ㅋㅋㅋㅋㅋㅋㅋㅋㅋㅋㅋㅋㅋ
1509162336,보라눈깔,ㅋㅋㅋㅋㅋㅋㅋㅋㅋㅋㅋㅋㅋㅋㅋㅋㅋㅋㅋㅋㅋㅋㅋㅋㅋㅋㅋㅋㅋㅋㅋㅋㅋㅋ
1509186412,Kuzel,ㅋㅋㅋㅋㅋㅋㅋㅋ
1509162338,지금이순간이꿈이라면,dh vmfhwms
1509162338,카와이ㅋ,ㅋㅋㅋㅋㅋㅋㅋㅋㅋ
1509162338,hwangyk97,심장갓 ㅋㅋㅋㅋㅋㅋㅋ
1509162338,옌츠,ㅋㅋㅋㅋㅋㅋㅋㅋㅋㅋㅋㅋㅋ
1509162338,늑대9,??
1509162338,vmflstptm,어휴 잘생긴거봐
1509162339,Pitnoch,ㅋㅋㅋㅋㅋㅋㅋㅋㅋㅋㅋㅋㅋㅋㅋㅋㅋㅋㅋㅋ
1509162339,Eun05231,후로즌
1509162339,언제나충성을,아니 이야기 한것도 없는ㄴ데 끝나네 ㅋㅋ
1509162340,pshsb1004,오
1509162340,css1918,ㅋㅋㅋㅋㅋㅋㅋㅋㅋㅋㅋㅋㅋㅋㅋㅋㅋㅋㅋ
1509162340,콩찹쌀떡,재계약은 했나? ㅋㅋ
1509162340,블블갓겜,한가 ㅋㅋ
1509162340,빙구야,프로즌?
1509162340,미토페인,ㄹㅇ 진배형같네
1509162340,osu_5ex,내일도 나와야죠!
1509162340,Babojirung,심장갓
1509162340,콩삼콩삼,ㅋㅋㅋㅋㅋㅋㅋㅋㅋㅋㅋㅋㅋㅋㅋ
1509162340,지승준,프로준
1509162340,방송좀하세요,ㅋㅋㅋㅋㅋㅋㅋㅋㅋㅋㅋ
1509162340,고양이풍선,심장갓
1509162340,신진파스,심장 갓
1509162340,orgalallin,한ㅡㅡㅡ가
1509162340,Tjd8665,백수 ㅋㅋㅋㅋ
1509162340,냥냥봉,심장갓
1509162340,hiru147,극딜 ㅋㅋㅋㅋㅋ
1509162340,Lhg1628,"이제, 비행기가 이륙하오니, 이제, 승객여러분들은 이제 벨트를 착용하여 주시면 이제 감사하겠습니다."
1509162340,리븐피규어,심 장 갓
1509162340,ta1444,야!
1509162340,ehduslsw000,할게 없어 ㅋㅋㅋ
1509162340,goodlcw1988,심장갓
1509162340,8ㅅ8우러따,한-가
1509162340,제이얍,철ㅡㅡㅡㅡㅡ바
1509162340,hellparty2,심장갓
1509162340,ppma7898,심장갓
1509162343,Sangkom,심장갓
1509162343,twitch3130,심장갓
1509162343,외국배추,오 심장갓
1509162343,무슨말인지모르겠네요,ㅋㅋㅋㅋㅋㅋㅋㅋㅋㅋㅋㅋ
1509162343,한호후어,갓로즌
1509162344,꽁이유,프로즌 오오오오오
1509162344,formillion,im 짤림?
1509162344,pureworld,ㅋㅋㅋㅋㅋㅋㅋㅋㅋㅋㅋㅋ
1509162344,다이애나,조세호 내일도 나옴? 조세호 내일도 나옴?조세호 내일도 나옴?조세호 내일도 나옴?조세호 내일도 나옴?
1509162344,mh9340,한 가 ㅋㅋㅋ
1509162344,플라워댄스,5분대기좈ㅋㅋㅋㅋㅋㅋㅋㅋㅋ
1509162344,Caution_kr,심장갓
1509162344,은주찡,할게없어요
1509162344,qudtn1353,오 심장
1509162346,rymic1,심장갓 ㅋㅋㅋㅋㅋㅋㅋㅋ
1509162346,로맨틱가이,ㄷㄷ 심장갓
1509162346,huheee,빛 로즌
1509162346,bellhorn9602,슼 패페패페페하네 ;
1509162346,zzaos1,심장갓
1509162346,우비를쓰자,할게없어서 ㅋㅋㅋㅋㅋㅋㅋㅋㅋ
1509162346,루크천사,트바
1509162347,qpslwoak,심장갓 ㄷ
1509162347,Mrdam1,ㅋㅋㅋㅋㅋㅋㅋㅋㅋㅋㅋㅋㅋㅋㅋㅋㅋㅋㅋㅋ
1509162347,voidraylola,CJ메타 ㅋㅋㅋㅋㅋㅋㅋㅋㅋㅋㅋㅋㅋㅋㅋ
1509162347,선운사동백꽃,후로즌
1509162347,여우뫼,심장갓
1509162347,toreore,우리 슼입니다 ㅠㅠ
1509162348,inthesafezone,롱주의 심장...
1509162348,woodi1122,신장
1509162348,veresk777,플레임 SeemsGood MingLee MingLee MingLee SeemsGood
1509162348,샤이탄,한가하니까
1509162348,호세,대로즌
1509162348,탈보라,심장갓..
1509162348,앞흘라,트바
1509162348,jooni15,심장갓!!!!!!!
1509162348,b2p4ss,심장 ㄷㄷ
1509162348,kezh8282,애국자 심장갓
1509162348,김득득,ㅂㅂ
1509162348,단풍의노래,심장-갓
1509162348,연습용돼지,플레임 넘잘생겻다
1509162348,10si_8al,트ㅡㅡㅡㅡㅡㅡㅡㅡㅡㅡ바
1509162348,사과맛요거트,심장갓
1509162348,같이간다,트바
1509162349,벚꽃냠냠,ㅋㅋㅋㅋㅋㅋㅋㅋㅋ
1509162349,oanjun,여자도 안만나는 띵장
1509162349,무지개색미라클,트바
1509162349,채널,빛로즌
1509162349,오티즈,심장갓
1509162349,emfkffh19,트바
1509162349,꾸웨에,트바~
1509162349,luppinich,심 장 갓뜨
1509162350,hps2924450,롱주의 심장ㅋㅋㅋㅋㅋ
1509162350,boardead09,갓로즌! 심장갓ㅇ
1509162350,sgkdh48,내일은 스피릿 나오자
1509162350,스테이크먹기딱좋은날씨군,팩폭
1509162350,pssorry,인상이 참 좋아 보인다
1509162350,리페,ㅋㅋㅋㅋㅋㅋㅋㅋㅋㅋ
1509162350,무쓰까,심장-갓
1509162350,읍5읍,ㅠㅠ
1509162350,똘럼,ㅅㄱ
1509162350,gahojooo,킹짱혁만 믿자
1509162350,neo816,내일보자 트바
1509162351,너구리찡,삼승 !
1509162351,스테이터스,ㅋㅋㅋㅋㅋㅋㅋㅋㅋㅋㅋㅋ
1509162351,Swordofwind,펄~럭
1509162351,knH828,트바~
1509162351,우리는노리치로간다,트바
1509162352,예의바른청년,트바트바
1509162352,a0kyu0q,트바
1509162352,아리솔,트ㅡ바
1509162352,사르르르,5분대기조 안녕
1509162352,둘리항,ㅂㅂ
1509162352,yuiluv,ㅂㅂ
1509162352,성훈이,트바
1509162353,보노보노_,ㅋㅋㅋㅋㅋㅋㅋㅋㅋㅋㅋㅋㅋㅋㅋㅋㅋㅋㅋㅋ
1509162353,Kendo519,트바
1509162353,Katselprime,철바
1509162353,valsanado,트바
1509162353,문미앤드허,트바
1509162353,뿅강이,호스팅해주
1509162353,인생힘내자,트바; ;;
1509162353,내몸이원하는그이름조강현,철바~
1509162353,2malnyun_sereis_2_want_it,트바
1509162353,킁킁이는배그왕,트바
1509162353,미스터콩,트바
1509162354,boksil99,재방송봐야지 ㅋㅋㅋㅋㅋㅋㅋㅋㅋㅋㅋㅋㅋㅋㅋㅋㅋ
1509162354,가오나시ㆀ,ㅂㅂㅂ
1509162354,aeprps,불에서 얼음으로
1509162354,알키메데스,트바
1509162354,돌엄니칭구,트바
1509162354,As3654789,캬
1509162354,스님123,트바
1509162354,츠으키,하이라이트 안나오냐
1509162354,쁠투,트바
1509162354,어헣어헣,트바
1509162354,이주민풍형,트바
1509162354,killerwaitingfor,ㅂㅂㅂㅂㅂ
1509162355,효몽_,ㅅㅅㅅㅅㅅㅅㅅㅅㅅㅅㅅㅅㅅㅅㅅㅅㅅㅅㅅㅅㅅ
1509162355,윤하갤러리,트바~
1509162355,민초요,내일보자
1509162355,휴페리온,트바트바
1509162355,붑사,HeyGuys HeyGuys HeyGuys
1509162355,룩얍쫒아,트바트바
1509162356,Kwt0728,ㅂㅂ
1509162356,cgw1462,트바
1509162356,인생무단횡단,ㅂㅂ
1509162356,키약,속보 ) 인벤터짐
1509162356,jellykon,재밌었당
1509162356,BravoAS,트-바
1509162356,thegoon6758,ㅠㅠ
1509162356,weaselms,트바
1509162356,rabbitson7,트ㅡ바
1509162356,즈즈트,롱주의 심장...
1509162356,브리아던,트바
1509162356,ymw2417,트바
1509162356,타빡이,트바
1509162356,rmsidajddl,qq
1509162356,핫푸리,트바
1509162356,뭬라고오,트바~
1509162356,지루해서하품,언영이도 나오나
1509162356,ssdd124,ㅌㅂ 맹구경기 ㄱㄱㄱㄱ
1509162357,만두왕자,심장!
1509162357,bluespeea,트-바
1509162357,chws0508,펄럭
1509162357,Tthoto,심장갓
1509162357,단비ㅣ,트바 다들 수고했다 내일봐요
1509162357,PaperFishing,KonCha
1509162357,레바참치,트바
1509162357,whrtldn90,바ㅡㅡㅡㅡㅡㅡㅡㅡㅡㅡㅡㅡㅡㅡ이
1509162357,트기장시뤄,트바
1509162358,suiruel,트바
1509162358,난설월화,재밌었다
1509162358,lkm1041,엠빠따
1509162358,Po04209,트바
1509162358,zxc9512,ㅌㅂ
1509162358,다음생은조강현으로,트바 팟바 우바
1509162358,hfiglldz01,피넛갓
1509162358,jypark2934,개꿀잼이다 ㄹㅇ
1509162358,준몬,트바
1509162358,내래상면이야,트바
1509162358,solda89,HeyGuys
1509162359,proshim,철바
1509162359,에뿌낄라,하스안하고 뭐함
1509162359,히오스유저,트바
1509162359,kyobin4444,ㅅㅅㅅㅅㅅㅅㅅㅅㅅㅅㅅㅅㅅㅅㅅㅅ
1509162359,디우이사,트바
1509162359,Stoppedby,KonCha
1509162359,죠죠죠죠오지,ㅅㄱㅅㄱ
1509162359,호호캉,심장갓 ㄷㄷ
1509162359,꿍딱,ㄴㅇㅂㅈ
1509162359,s4int71,갈리온사기
1509162359,소띠좀비,트바~
1509162360,은하수,트바
1509162360,aryun3,트바
1509162360,글스,ghtmxld
1509162360,style1535,ㅌㅂㅌㅂ
1509162360,레블스,ㅌㅂ
1509162360,베인메타는다시온다,트바
1509162360,옵치롤하스,트바ㅡ
1509162360,knildea,ㅅㄳㄱ
1509162360,와우저동헌겨울,허스팅해줘
1509162360,안드로지너스,트바
1509162360,서울의달,트바
1509162360,OverHeather,트바트바
1509162361,CoffeeSeller,트바
1509162361,오구오구,트바~
1509162361,엘보으,트바
1509162361,쟤때문에심쿵,트바
1509162361,이온캐논,트바~
1509162361,midolee01,트바~~~
1509162361,dbehdwo07,트바트바
1509162361,트위치로촐래촐래,ㅌㅂ
1509162362,blacksoybeam,ㅌㅂ
1509162362,Skqkdgkfao,트바
1509162362,dafodi,아이고 귀여워라 ㅋㅋㅋㅋㅋ
1509162362,마키니키,트바
1509162362,똘강,ㅂㅂㅂㅂㅂㅂㅂㅂㅂㅂㅂㅂㅂㅂㅂ
1509162362,톱구,ㅌㅂ
1509162362,세계인정협회,ㅂㅂ
1509162362,Elohell2800,트바~
1509162362,고출력수컷,호스팅 누구함?
1509162362,오스스카,호스팅
1509162362,tkdldh1,ㅌㅂ
1509162362,도롱뇽꼬리맛,트바
1509162362,sdcloud317,트바
1509162363,별비는나의빛,트바
1509162363,hangone0413,트바트바
1509162363,좌현우동준,트바
1509162363,미안해솔직하지못한내가,트바~~~~~~
1509162363,이슈타르,ㅂㅂ
1509162363,wowls3195,트바
1509162363,미스포츈,gg
1509162363,마이클캐릭,트바트바
1509162363,가벼운발걸음,하이라이트 안보여주냐
1509162363,갤러거,ㅌㅂ
1509162363,놀래미좋아,ㅇㅈ
1509162363,pmgdd,트바~
1509162364,싸펑피펑1982,하이라이트
1509162364,제이데커,트바
1509162364,빈민층,트바
1509162364,데나브,트-바
1509162364,응차단,트바 씨유 투머로우
1509162364,펩시톡톡톡,ㅌㅂ
1509162364,Kuaang,내일보자구~ BloodTrail BloodTrail BloodTrail
1509162364,어륀지,ㅌㅂ
1509162364,cjent1five,쑤바
1509162365,duduji11,크으 결승 한국전 가자
1509162365,용길단짧,트바
1509162365,그으느,ㅌㅂ
1509162365,식남,트바
1509162365,freheit,트바트바트바~~
1509162366,강퇴,ㅌㅂ
1509162366,분열,대 상 혁
1509162366,990730jang,트바
1509162366,빵상아줌마,트바
1509162366,서더,ㅌㅂ
1509162366,설리질리,ㅌㅂ
1509162367,나무전쟁,커엽
1509162367,leegimin1213,프로즌이 왜심장이냐 얼어붙은아님??
1509162367,갸우뚱,GG
1509162367,렉톤,ㅂㅂ
1509162368,narangddd2,오늘결론 : 세주아니 OP 오늘결론 : 세주아니 OP 오늘결론 : 세주아니 OP 오늘결론 : 세주아니 OP
1509162368,세진이에용,트바~
1509162368,고9마9웟어,화염에서 얼음으로
1509162368,초코머핀,트바
1509162368,dandelion_2k17,ㅋㅋㅋㅋ배고파서 삼대영 ㅋㅋㅋㅋㅋㅋㅋㅋㅋㅋㅋㅋㅋㅋㅋㅋㅋ배고파서 삼대영 ㅋㅋㅋㅋㅋㅋㅋㅋㅋㅋㅋㅋㅋㅋㅋㅋㅋ배고파서 삼대영 ㅋㅋㅋㅋㅋㅋㅋㅋㅋㅋㅋㅋㅋㅋㅋㅋㅋ배고파서 삼대영 ㅋㅋㅋㅋㅋㅋㅋㅋㅋㅋㅋㅋㅋ
1509162368,buggh1234,심자ㅣㅇ갓
1509162369,피리부는린가드,얍얍 롤대전도 보러와주세요
1509162369,rkdtks254,ㅋㅋㅋㅋㅋㅋㅋㅋㅋㅋㅋㅋㅋㅋㅋㅋㅋㅋㅋㅋㅋㅋㅋㅋㅋㅋㅋㅋㅋㅋㅋㅋㅋㅋㅋㅋㅋㅋㅋㅋㅋㅋㅋㅋㅋ
1509162369,정휘인,카 우 딕 vs 아 카 츠 키
1509162370,l2o2,SKT!!!
1509162370,starlogg,랭크 갈리오 하러간다
1509162370,drchdahee2,ㅌㅂ
1509162370,누앙크앙카앙,호스팅학ㅎ
1509162370,놀라운맛,팟바트바우바
1509162371,짭츄,브금좀
1509162371,백수의왕,트바
1509162371,ohyhmlov,ㅂㅂㅂㅂㅂㅂㅂㅂ
1509162371,예감치즈그라탕,다같이 외칠 것 추천 빛 상 혁
1509162371,탱커아님,트바!
1509162372,Ocean3515,아 롱주!! 왜 4강에 안와서 프로즌을 실망시키는가
1509162372,위고노리찌,캬 ㅋㅋ
1509162372,갓중갓,트바
1509162373,xz3070,트바 KonCha
1509162373,Sangkom,킹-상-혁
1509162374,재개미,사랑합니다 skt
1509162374,오토코노코,트바아~
1509162374,열공학재료공업,즐거웠다
1509162374,제목빌런,트비트바
1509162375,꽁이유,난민보내줘
1509162375,qudtn1353,트바~
1509162377,카카오히어로즈,펄-럭
1509162377,슾햄,트 ㅡㅡ바
1509162378,포키부지런,개꿀잼있다
1509162378,커퓌체리,삼성 익랏
1509162379,vmflstptm,배고픈 페이커
1509162379,parless1,휴 개꿀잼
1509162379,아리펫,기뉴특전대 보자 이제
1509162379,똥만드는기계,트바트바
1509162380,deadlyspinning,어느 도서관의 과거
1509162380,새벼기발갓습니다,브금 펜타킬 꺼네
1509162381,치즈킴빱,트바~
1509162381,피터휀,트바~
1509162381,mayer_j,니네 페이커 욕좀 그만해라 . 저렇게 하는 미드라이너가 어딨냐 ㅇ? ㅇㅈ?? 애들아 평화
1509162382,Gksdltka,대 상 혁
1509162382,로드트립,ㅇ아 너무 눈호강했다 진짜
1509162382,개개,인벤터졌네
1509162383,ssaum1,ㅜ
1509162383,j125822,누가이긴거야
1509162383,nihility2682,함성소리봐
1509162383,잉여한곰탱이,갓페이커
1509162383,구로구,빛 상 혁
1509162384,yurigaoka,트바
1509162384,boardead09,트아바아 ㅂㅂ
1509162384,mediband0409,555555555555555555555555555
1509162384,인생힘내자,펄 ㅡㅡㅡㅡㅡㅡㅡ럭
1509162384,크유,트바~
1509162385,군단피돌이,폰 아니네
1509162385,미토페인,롤크리트 각자방으로 해산
1509162385,lkm1041,엠빠따 엠빠따 엠빠따
1509162385,솔플감,5경기 지렷는데
1509162386,eofus1,오늘 트타 전패
1509162386,hiru147,트 바
1509162386,온라인여포,저떄까지만 해도 뱅 역적이었는데
1509162386,가식한가득소리,기뉴 가자
1509162386,minSP,MrDestructoid MrDestructoid
1509162388,oouooe12,카우딕 아카츠키 매치가 남아있다...
1509162388,emfkffh19,역시 스크경기가 개꿀잼 ㅇㅈ또 ㅇㅈ
1509162388,히오스유저,호스팅 해줘
1509162388,스킬즈,블랭크는 작년이랑 비슷하네 지금
1509162389,istanblue69,롤처럼 이렇게 긴장하는맛이 있어야지 오버워치는 1패도 없고 각성해라 ㄹㅇ루
1509162390,키약,우아아아아`!~!~!~
1509162391,라미가,우지는 진짜 잘하는데
1509162391,rabbitson7,블츠 ㅋㅋㅋㅋㅋㅋㅋㅋ
1509162391,Ljsssss,Kappa
1509162391,asdf0124,울프는 블리츠는 안하는걸로 하자
1509162391,익재공,진짜 슼 !!!! 그저 빛 !!!!
1509162392,여우뫼,블랭 진짜 구데기 ㅋㅋ
1509162393,teb5764,대 상 혁
1509162393,ymw2417,난민은 어디로 가야하나요
1509162393,Cucudas,RNG RNG
1509162393,Kuaang,우리혁 ㄷㄷㄷ
1509162394,뭐하냥,도서관 왜케 시끄럽냐
1509162394,뭐요뭐가요,트ㅡㅡㅡㅡㅡㅡㅡㅡㅡㅡㅡㅡ바
1509162395,히르야,내 치킨!
1509162396,keepditto,빛빛빛 스페셜
1509162397,빵똥,함성 지린닼ㅋㅋㅋㅋㅋㅋㅋㅋㅋㅋㅋㅋㅋㅋㅋ
1509162397,저급어그로,알고보니 울프가 역적이였음 ㅋㅋㅋㅋㅋㅋㅋ
1509162398,이틀,아 오지게시끄럽네
1509162398,요미뱅,이거 현지에서 소리지르는거냐ㅓ?
1509162399,세계인정협회,트바
1509162399,nousersname,삼성 가자 we쳐바르자
1509162400,올타임,장로스틸 ㅠㅠ
1509162400,10si_8al,빛 상 혁
1509162401,키스미달링,잼구
1509162401,티모장인,ㄹㅇ 지는줄알아짜너
1509162404,위고노리찌,트위치무는거봐ㅋㅋㅋㅋ
1509162404,얼굴보면실명,줜 내 시 끄럽네
1509162405,어떻게하라고,느그프
1509162406,PaperFishing,도서관 매너 어디 ㅡㅡ
1509162406,꺼져깨짱,SAMSUNG > WE
1509162406,Kstaring7,우지 빵끗
1509162407,분열,1경기 그랩만 좀 한두번 들어갔으면.. 그랩 없이 비빌뻔 했는데;
1509162407,너구리찡,빛 상 혁
1509162407,rmsidajddl,우서?
1509162408,whrtldn90,추억의 도서관
1509162409,후니11,중국돼지 사망
1509162409,박우준,싱글벙글
1509162409,제이데커,잼구 잼구 잼구
1509162409,별수호자뽀삐,잉 뭔소리야
1509162409,margaux0704,ㅋㅋ
1509162410,킁카,우서?
1509162410,nightsemi,도서관 드립은 근데 먼뜻임
1509162410,antiarmorarms,싱글벙글
1509162410,고졸무직백수,파도파도 빛상혁뿐...
1509162410,착신요검,우서?
1509162410,우닭이,우서 ? ㅋ
1509162410,01099410536,ㅋㅋㅋㅋㅋㅋㅋㅋㅋ
1509162411,삼촌,겜 재밋다~
1509162411,난설월화,빡쳤을때
1509162411,bluespeea,우서?
1509162411,aletheiage,똥지~
1509162413,deadlyspinning,우-서
1509162413,abelless,빛상혁 ㅋㅋ
1509162413,harry_wp0011,페이커 딥---빡
1509162413,예창인생,우서?
1509162413,Ves0123,빡침
1509162413,응석부려줘,빡침
1509162413,밍키아빠,대상혁 ㄷㄷ
1509162413,togaraf0182,우서?
1509162413,펌킨헤드,솔직히 결승이었어도 나쁘지 않았다
1509162413,더러웡,상혁이 참는거봐
1509162413,hazka_3,빡침
1509162414,pooqoop,블리츠는 다시봐도
1509162414,똘판다,이때만해도 콘서트장이였는데
1509162414,ccchris86,페이커 빡돔 ㅋ
1509162414,suiruel,도서관 어디갓어
1509162414,zzongwon,서?
1509162414,탈보라,에휴
1509162414,키리토,우지챠
1509162414,hpc14,함성이 저정도면 민폐다 ㄹㅇ
1509162414,송오공,우서?
1509162414,카와이ㅋ,우서?
1509162415,whan2689,페이커 한숨 ㅠㅠㅠ
1509162415,kd4852,분노스택
1509162415,단풍의노래,저땐 좋았겠지?
1509162415,브밍,분노혁
1509162415,hm94205,페이커 : 1분노
1509162416,러시드,ㅋㅋㅋㅋㅋㅋㅋㅋㅋㅋㅋ
1509162416,Elohell2800,우서?
1509162416,aromaqi4,우서?
1509162416,990730jang,한숨 ㅋㅋㅋㅋㅋ
1509162417,용마정,이땐몰랐지
1509162417,꽉이,재밌냐?
1509162417,kimotti7656,빠커 딥 빡ㄷ
1509162417,wenzdei,준시가 ?
1509162417,parless1,지는줄아랐자너
1509162418,fookari,짜장박멸해서 속이 다 시원하네
1509162418,눈꽃은처연히피고,빡상혁
1509162418,sdcloud317,우지는 우서서 졌다
1509162418,다이애나,여기서 빢쳤네
1509162419,RumbleKiT,한숨x하품 = 필승
1509162419,규부,RMG 세주 아니주 이기네
1509162419,rabbitson7,대 상 혁
1509162420,재개미,웃어?
1509162420,eno125,도서관 아주 좋다^^
1509162421,여우뫼,페이커를 화나게하지마
1509162421,a0kyu0q,웃어?
1509162421,Sweetsay,빛상혁
1509162423,츠으키,뱅데드무비
1509162423,띵분,우서?
1509162424,jhsjhs8896,니가웃을떄냐
1509162424,빛상혁,웃어?
1509162425,지렁이정력,100 하이라이트 ㄷㄷ
1509162425,익재공,오우 저렇게 잘했는데 알엔지가 이겼겠죠 물론?
1509162425,즈겔,이때까진 좋았지? 우돼지
1509162425,junon0503,설레였다
1509162426,므르므흐,뱅 데스 무비냐
1509162426,rkdtks254,웃어?
1509162426,jieunmin0722,뱅듸지는거만 나오냐
1509162427,솔플감,뱅 ㅋㅋ
1509162427,vmflstptm,??: 나를 화나게 해?
1509162427,mayer_j,그래 니네 페이커 욕좀 그만해라 . 저렇게 하는 미드라이너가 어딨냐 ㅇ? ㅇㅈ??
1509162428,bellhorn9602,줘터지는거봐 ㅋㅋㅋ
1509162429,날다램쥐,왜 1경기 3경기를 연속으로
1509162429,티모장인,왜 지는것만보여주냐?
1509162431,이틀,대상혁 ㄷㄷㄷㄷㄷㄷㄷㄷㄷ
1509162431,Sangkom,인벤 왜 또 터짐
1509162433,8ㅅ8우러따,rng 매드무비?
1509162433,17씹삼,잼구 ㅋㅋㅋㅋㅋㅋㅋㅋ
1509162433,Gksdltka,데드무비냐 ㅋㅋㅋ
1509162434,ppma7898,슼이기는건 왜 안보여주냐
1509162435,커닥트라우마,2번째판은 어디갔냐?
1509162435,구로구,웃네 ㅋㅋ
1509162435,hiru147,빛 상 현
1509162435,PaperFishing,zzzzz
1509162435,bebulu724,뱅 살릴려고 죽은 페이커
1509162435,김득득,우지 빵긋
1509162436,gene1015,느그뱅
1509162437,킁카,우서??
1509162437,sgkdh48,데드무비
1509162437,슝님,ㅋㅋㅋㅋㅋ
1509162438,개개,웃어?
1509162438,Kstaring7,꼬ㅡ난
1509162439,delight_0601,트바
1509162439,ys7311,또 우서?
1509162439,블블갓겜,ㅋㅋㅋ 다 페이커잇네 ㅋㅋ
1509162439,레스또랑,RNG 잘한것만 보여주네 ㅋㅋㅋㅋㅋㅋㅋㅋㅋㅋㅋㅋㅋㅋㅋㅋㅋㅋㅋㅋㅋㅋ
1509162439,수박고구마,엠넷 ㅋㅋㅋ
1509162439,후니11,돼지새@끼 잘 웃네
1509162439,말년고구마,우ㅡ서?
1509162440,메라평생팬,베인은 진짜 ㅇㅈ
1509162440,올타임,싱글벙글~
1509162440,스테이터스,베인한테 지네
1509162440,밍키아빠,웃냐?
1509162440,harry_wp0011,우서?
1509162440,거절은거절합니다,서순
1509162441,슈퍼마켓,우서?
1509162441,더러웡,뱅 혼낫네 ㅋㅋㅋㅋㅋ
1509162441,디파이,지는거 보여주고 이기는거 보여주는듯
1509162441,antiarmorarms,왜계속 웃엌ㅋㅋ
1509162441,강퇴,우서?
1509162441,이겜하고싶음,우서? 응 패배~
1509162441,쁠투,우지챠...
1509162441,어떻게하라고,우서??
1509162442,알키메데스,우지 씐난다
1509162442,점크,우서?
1509162442,고대중광18충,ㅇㅅ?
1509162442,백수의왕,우서?
1509162442,흰색까마귀,말싸ㅏ윰
1509162442,하이바라_아이,2경기 저거보고 껐는데
1509162443,트레이터,꼬초리
1509162443,똘판다,꼬초리;
1509162443,aig8080,지는거 먼저 보여주는듯
1509162443,제이데커,우서 ?
1509162443,루카린,간다
1509162444,duduji11,세주벤의 힘
1509162444,퍄팍이,와신상담
1509162444,10si_8al,빛 상 혁
1509162444,alice43534,이제 하이라이트지
1509162444,voidraylola,웃음 2스택
1509162444,주줍고싶어,각성
1509162444,카카오히어로즈,우지 2스택
1509162445,뒤를닦는자,왜 지는것만 보여줘
1509162445,deadlyspinning,2우서
1509162445,마이클캐릭,우껴?
1509162445,chee_mac,흐ㅡ뭇
1509162445,단풍의노래,꼬난 ㅋㅋㅋㅋㅋㅋㅋㅋㅋㅋㅋㅋ
1509162445,데챠아앗,꼬난
1509162445,지나가던행인4,우지 ㅋㅋㅋㅋㅋㅋㅋㅋㅋㅋㅋ
1509162445,aksgks,해맑
1509162445,갓구운핫게이,꼬난
1509162445,싸펑피펑1982,머냐 하이라이트?
1509162445,ろっぱ,우서?
1509162445,Ves0123,편집 ㅇㅈ
1509162446,꽉이,웃어?
1509162446,01099410536,뱅 싸우는거냐?
1509162446,rkdrbs23,왜 진게임만 보여주냐
1509162446,세계인정협회,우서?
1509162446,시성,뭐야ㅋㅋㅋㅋㅋㅋㅋ
1509162446,단비연우,꼬마의 한수
1509162446,wangburisuk,rng가 이겻지?
1509162446,98krock98,zㅋㅋㅋㅋㅋㅋㅋㅋㅋㅋ
1509162446,키약,갓
1509162447,클래식,우서?
1509162447,오티즈,뱅 ㅋ
1509162447,keepditto,ㅋㅋㅋㅋㅋㅋㅋㅋㅋ
1509162447,인생포기,웃었네?
1509162447,현랑호로,고초리
1509162447,ekdnf7,우짘ㅋㅋㅋ
1509162447,곱쓸루슈,뱅 등장
1509162448,꽁이유,허리케인
1509162448,레이시크,우서?
1509162448,닭발맨,하이라이트 각본 짰네 ㅋㅋㅋㅋㅋ
1509162448,울티마,꼬난
1509162448,탈보라,꼬난의 허리케인 ㄷㄷ
1509162448,togaraf0182,웃어?
1509162449,러시드,ㅋㅋㅋㅋㅋ
1509162449,ken92325,꼬초리;
1509162450,whrtldn90,ㅡㅡ전ㅡㅡㅡ설ㅡㅡㅡ의ㅡㅡㅡ시ㅡㅡㅡ작
1509162450,뭐야이건왜안돼,꼬초리
1509162450,nightsemi,경기마다 보여주는거잔어
1509162450,호래,참교육 잼
1509162450,hpc14,서순 ㅇㅈ
1509162450,sdcloud317,하이라이트 꼬마
1509162451,ucjin,꼬초리 ㅋㅋㅋㅋㅋ
1509162451,착신요검,녹농균 갓
1509162452,이오싱,페키어 한달연봉 얼마임?
1509162452,sljyj123,저렇게 웃는거보니 저 팀이 이겼겠죠?
1509162452,pooka41,통한의 진영붕괴
1509162453,테디,꼬난의 허리케인..
1509162453,네오비온,우지 포지셔닝 봐라
1509162454,Elohell2800,빛 뱅
1509162455,wanttobealone,이때 진짜 ㅋㅋ
1509162455,피터휀,우서?\
1509162455,빛상혁,ㅋㅋㅋㅋㅋ 소설쓰네
1509162457,Caution_kr,최시원메타
1509162457,레메사,하이라이트가 왜 이거야
1509162457,raisonbe,최시원메타
1509162458,erd5396,왜 털리는 것만 보여줌?
1509162458,게임왕김독서,하이라이트 스토리라인봐 ㄷㄷㄷㄷㄷㄷㄷㄷㄷㄷㄷ
1509162458,kcssout,꼬초뢰 ㄷㄷ
1509162459,nazka1123,브금 선정보소
1509162459,골판지비행기,캬
1509162459,갓돌이ㅏ,하이라이트 순서가?
1509162459,알디,이런거만 골라보여주냐?
1509162459,DTBBTB,이때 왜 점멸 안 쓴 거냐
1509162460,rkdtks254,ㅋㅋㅋㅋㅋㅋㅋㅋㅋㅋㅋㅋㅋㅋㅋㅋㅋㅋㅋㅋㅋㅋㅋㅋㅋㅋㅋㅋㅋㅋㅋㅋㅋㅋ
1509162460,펌킨헤드,여기 쫄플이 조졌어
1509162460,새벽카오스,페이커님?
1509162460,rabbitson7,ㄴㄱㅈ
1509162461,여우뫼,ㅋㅋㅋㅋㅋㅋㅋㅋㅋㅋㅋㅋ
1509162461,유럽여행전문가,이건 진짜
1509162461,wenzdei,크으
1509162461,SpringDynamics,웜보콤보
1509162461,ungdungelove,빛 뱅 ㄷㄷ
1509162461,즈겔,크으
1509162462,티무르,아름다운한타였다
1509162462,위고노리찌,여기서지는줄
1509162463,아포칼립스,중국에서 틀어준다고 슼 지는거만 틀어주네
1509162463,구로구,좋 니
1509162463,커닥트라우마,뱅안티가 만들었냐?
1509162463,PaperFishing,ㅗㅜㅑ
1509162463,국민프로듀서들의1픽조강현,킹니
1509162464,둠세이어,하일라이트가 왜이래ㅋㅋㅋ
1509162464,익재공,캬 알엔지 정말 잘합니다 당연히 결승진출ㄹ 했겠죠?
1509162464,gene1015,느그혁
1509162464,앙마잡이,ㅋㅋㅋㅋㅋㅋㅋㅋ
1509162465,Sangkom,이건 ㄴㄱㅎ
1509162465,a18b3,캬ㅑㅑㅑㅑㅑㅑㅑ'
1509162465,흔한풍뎅이,캬 3명
1509162465,단순호치_,와
1509162465,bebulu724,페이커의 유일한 잚소
1509162465,parless1,갓엘엑스쥐 ㄷㄷ
1509162465,Kuaang,BloodTrail BloodTrail BloodTrail BloodTrail
1509162466,지렁이정력,나르 미쳤다
1509162466,깨세라,크 갓니
1509162466,한무일,빛니
1509162466,솔플감,페이커 무리
1509162466,bluespeea,그림 같긴 하다
1509162466,주야휴비,진짜 저때 ㅈ댈뻔 햇는데
1509162466,bellhorn9602,줘터지는거만 나왔다가
1509162466,valsanado,연출력 무엇
1509162466,eternal_law,대 후 니
1509162466,kbkb33,나르!!
1509162466,chaoser_admirer,지야
1509162467,8ㅅ8우러따,녹농균메타
1509162467,슾햄,ㅋㅋㅋ 인벤 터졌음
1509162467,와아띠,갓ㅡㅡㅡㅡ니
1509162467,kkkddhhh2,침묵이ㅈ많아
1509162467,arcsion,ㅋㅋㅋㅋㅋㅋㅋㅋㅋㅋㅋㅋㅋㅋㅋㅋㅋㅋㅋ
1509162467,스벤하임,캬
1509162467,dafodi,크으 녹는다
1509162467,가비는아무무,캬 킹니;
1509162468,올타임,대 후 니
1509162468,cyanphon,킹 갓 니
1509162468,RumbleKiT,지렸다 3인궁
1509162468,킴레온,킹니
1509162468,새벼기발갓습니다,와 후니
1509162468,boksil99,피넛보소
1509162468,dbehdwo07,와 씨
1509162469,헤이데이,킹니
1509162469,margaux0704,지렷다
1509162469,ymw2417,킹니
1509162469,인정맨,살살 녹는다
1509162469,짭츄,브금 머냘ㅇ
1509162470,molrang,대 니
1509162470,ruliwe3,캬 ㅋㅋㅋㅋㅋ
1509162470,똘판다,와 이때 쌋자너
1509162470,LesPlus,왜 이런것만 나오냐?
1509162470,echinacea7,와
1509162471,hiru147,캬
1509162471,문미앤드허,와 3인궁
1509162472,Wootaek05,빛---니
1509162472,탱노탱노,캬.....
1509162472,뭐요뭐가요,?
1509162472,마이클캐릭,다 짤리냐
1509162472,Gksdltka,대 빛 니
1509162473,포키부지런,크~~
1509162474,teb5764,대 킹 니
1509162474,사스가머르도크,와 후니 ㅋㅋ
1509162475,티모장인,하이라이트 상태가 조선족이 만들었냐? 왜이럼?
1509162475,인생포기,3인궁 실화냐
1509162475,togaraf0182,주모!
1509162475,Sweetsay,KT ㅋㅋㅋㅋ
1509162476,zzongwon,킹니 ㄷㄷ
1509162476,지나가던행인4,캬
1509162476,아망소리,KT?
1509162476,소이틈,빛 니
1509162476,17씹삼,??
1509162476,풍형지옥보내줄게,왜 털리는것만나오냐 ㅋㅋㅋㅋㅋㅋ 에스케이가이겼는데
1509162477,단풍의노래,킹-니
1509162477,지나가는비처럼,뱅일기토어디감?
1509162477,esyzy,크..
1509162478,jhsjhs8896,ㅅㅅㅅ
1509162479,상수상수,트바...
1509162479,무메이0,skt안티가 만들었나??ㅋㅋㅋ
1509162479,미안해솔직하지못한내가,왜 SKT 하이라이트는 한개만 보여주냐?
1509162479,planet9lsu,바로 5경기로 넘어가네
1509162479,leegimin1213,나르갓
1509162480,메라평생팬,빛니;
1509162481,뒤를닦는자,후니 미쳣네
1509162481,pooka41,뭔가 맥락이...?
1509162482,이게멉니까,kT?
1509162482,라미가,중국편파 하이라이트네
1509162482,nightsemi,ㅋㅋㅋㅋㅋㅋㅋㅋㅋㅋㅋㅋ
1509162482,대혀니,KT?
1509162482,스테이터스,지야
1509162482,dlehgns11,KT ?
1509162483,어떻게하라고,대 빛 니
1509162483,은주찡,케이티
1509162483,신호김주,트바
1509162483,keepditto,킹갓니 ㄷㄷㄷㄷ
1509162483,whitesecrecy,??
1509162483,탈보라,트바
1509162484,타치바나_리카,ㅜㅜㅜㅜㅜㅜ
1509162484,bsk941,후ㅡㅡㅡㅡㅡ니
1509162485,민이루,?
1509162485,jellykon,;;
1509162485,설리질리,ㅌㅂ
1509162485,cleanpull,빛 니;
1509162485,후배위하는선배ㅎ,킹 니
1509162486,지는꽃,트바
1509162486,whrtldn90,와ㅜㅡㅡㅡㅡㅡ락
1509162486,namhk5741,털리는것만 나오네 ㅋㅋㅋ
1509162486,gts56,skt는 이것만 나오냐?
1509162487,라플라스,크 포옹
1509162487,mayer_j,기분 째지겠다
1509162487,toreore,트바
1509162488,Kstaring7,중국이 편집했네ㅋㅋㅋㅋ
1509162488,네오비온,왕호야 잘 했어!
1509162488,Cheajong,kt ㅋㅋㅋㅋㅋㅋㅋㅋㅋㅋㅋㅋㅋㅋ
1509162488,다이애나,맥락이?
1509162488,베인메타는다시온다,트바
1509162488,므르므흐,ㅌㅂㅌㅂ
1509162488,밍키아빠,트바바
1509162488,크유,kt ㅠㅠㅠㅠㅠㅠㅠㅠㅠㅠㅠㅠㅠㅠㅠ
1509162488,붑사,HeyGuys HeyGuys HeyGuys HeyGuys
1509162489,유진샐리안,호스팅해주고 가라
1509162489,1999sean,ㅌㅂ
1509162489,칸쵸가좋아,트 바
1509162489,셀루셀루,와
1509162489,jypark2934,ㅋㅋㅋㅋㅋㅋㅋㅋㅋㅋㅋㅋ 스크진짜 경기재밌게하네
1509162489,라쿠나마타타,진것만 보여주네
1509162489,위고노리찌,ㅋㅋㅋㅋ캬 피넛
1509162489,meru75,ㅂㅂ
1509162489,ehddlf94,저걸 못하는게 이상한거아니냐
1509162489,강퇴,중국 편파ㅋㅋㅋㅋㅋㅋ
1509162489,차일디쉬감비노,트바
1509162489,미스포츈,zzzzzzz
1509162489,knH828,rng가 이길줄알고 편집안해놈
1509162490,appleakira,트바
1509162490,새우탕면,이게 하일라이트냐
1509162490,khw1835,ㅌㅂ
1509162490,iffunction,내일 보자 트수들아
1509162490,halfbloodevil,하이라이트 보면 누가 이긴건지 헷갈리는데?
1509162490,suiruel,ktㅋㅋㅋㅋㅋㅋㅋㅋ
1509162490,김득득,트바
1509162490,PaperFishing,브금 아는사람
1509162491,쁠투,CurseLit
1509162491,스킬즈,졌으면 우울증 왔다
1509162491,민족의등불조강현,트바~~~
1509162491,0722run,얍얍 얍얍 얍얍 얍얍 얍얍 얍얍 으로
1509162491,준몬,트바
1509162491,백수의왕,저거만보면 진줄
1509162491,suppr9780,ㅋㅋㅋㅋㅋㅋㅋ
1509162491,98krock98,갈리오 궁 캐리 으디갔냐?
1509162491,hermitage92,트바
1509162491,랜토리아,슈퍼팀?
1509162491,weaselms,ㅌㅂ
1509162491,아루라로,트바
1509162491,요미뱅,껴안는거 울컥
1509162491,예의바른청년,ㅅㄱㅇ
1509162491,겨자소스,트ㅡㅡㅡㅡ바
1509162491,여우뫼,kt니?
1509162492,wangburisuk,조 선 족
1509162492,영필몬,트바
1509162492,potadosss,중국판 하이라이트 ㅋㅋ
1509162492,하얀롯드,자라
1509162492,단순호치_,한 왕 호
1509162492,저항세력,내일 보자 트수들아
1509162492,behaeng,털리는것만 나오죠? 역겹죠?
1509162493,990730jang,트바
1509162493,서더,멍멍이어디감
1509162493,히이잌,중국판 편집이네 ㅋ
1509162493,killerwaitingfor,ㅂㅂㅂㅂㅂㅂ
1509162493,ungdungelove,킹 넛
1509162493,kbkb33,수고볍~
1509162493,yoojun819,이겻는데 개털리는거만 나오네
1509162493,퀸티,트바~
1509162493,1등간다,트바
1509162493,얼굴믿고가는편이야,??
1509162493,개개,kt후원이라 그래
1509162493,knildea,후니 뒷모습 멋있따
1509162493,spiralsean,트바~
1509162494,Havefeel,중국놈들 지들 이긴거만보여줌 ㅋㅋㅋㅋㅋㅋㅋㅋㅋ
1509162494,먹먹이,트바
1509162494,테디,하이라이트가 뭔가 이상한데
1509162494,beyoung82,졌지만 잘싸웠다인듯?
1509162494,맹구찡,서새봄가자
1509162495,boksil99,4경기 다시돌려본다 첨에 지는줄알고 그냥안봐서 ㅋㅋㅋㅋㅋㅋㅋㅋㅋㅋㅋㅋㅋㅋ
1509162495,rabbitson7,ㄲㅈ트수드라
1509162495,펌킨헤드,100 고구마 활약 좀 했는데 나오는게 없네ㅐ ㅋㅋㅋㅋㅋㅋㅋㅋㅋㅋ
1509162495,싸펑피펑1982,ㅂㅂㅂㅂㅂㅂㅂㅂㅂㅂㅂㅂㅂ
1509162495,미아노,깨짱 위주넹
1509162496,눈꽃은처연히피고,트바
1509162496,탱블마,트 바
1509162496,세계인정협회,편파 편집ㅋㅋㅋㅋㅋ
1509162497,꽉이,감동
1509162497,hpc14,이거 누가만들었어 ㅋㅋㅋ
1509162497,숫_양,저렇게 롤드컵 참가하는 슈퍼팀
1509162497,ojin12,트바
1509162497,밥값하자,트바~~
1509162498,ymw2417,트바
1509162498,dy2031,ㅂㅂ
1509162498,alstn51514,sktㅋㅋㅋㅋㅋㅋㅋㅋㅋㅋ
1509162498,ken92325,트바
1509162498,Kcw9192,ㅌㅂ~
1509162498,dafodi,트ㅡ바ㅡㅡ
1509162499,Mrpak53,트바
1509162499,개념인임,주ㅡㅡㅡㅡㅡㅡㅡㅡㅡㅡㅡㅡ모
1509162499,끝맺음,KT..........
1509162499,kw3395,트바
1509162499,빛상혁,빛 왕 호
1509162499,앙마잡이,트바!
1509162499,Lsukr20,이상하게 만들었네 ㅋ
1509162499,즈겔,우지는 SKT 만나면 무조건 지네 ㅋㅋㅋㅋㅋㅋㅋㅋㅋㅋㅋㅋㅋㅋㅋㅋㅋㅋㅋㅋㅋㅋㅋ
1509162500,너무너무재밋당,내일 기대
1509162500,Kman0001,호스팅 해 주고 가라 이놈들아
1509162500,호래,조선족 나와라
1509162500,istanblue69,영업끝났습니다 돌아가주세여
1509162500,블블갓겜,중국편 ㅋㅋ
1509162500,해리콥터,감동
1509162501,june3006,하아라이트가 이상한데
1509162501,마이클캐릭,트바트바
1509162501,llsh1342,10
1509162501,sjh00202,트바
1509162501,qqqq784512,트바 ㅠㅠㅠㅠㅠㅠㅠㅠㅠㅠㅠㅠㅠㅠ
1509162502,이겜하고싶음,중국 개최라고 편집봐라 ㅋㅋㅋㅋㅋㅋㅋㅋ
1509162502,swk616,트바
1509162502,utakku,하이라이트 편집 누가 했는지 쩝
1509162503,해누님,ㅂㅂ
1509162503,단사,??
1509162503,min101018,ㅂㅂㅂ
1509162503,건크리트,트바
1509162503,그으느,ㅌㅂㅂㅂㅂ
1509162503,rkdtks254,ㅋㅋㅋㅋㅋㅋㅋㅋㅋㅋㅋ
1509162503,wowls3195,트바
1509162504,피터휀,트바~
1509162504,단비ㅣ,트 바
1509162504,jajangmun,ㅂㅂ 잘자라 트바
1509162504,kcssout,피넛 신났네 ㅋㅋ
1509162504,togaraf0182,트바
1509162505,그라비타,트바~~~~~
1509162505,뭐요뭐가요,트 ㅡㅡㅡㅡㅡㅡㅡㅡㅡㅡㅡㅡㅡㅡㅡ바
1509162505,도롱뇽꼬리맛,ㅌㅂ
1509162505,ㅁㄴㅇㅁ,서새봄 얍얍이방송으로 ㄱㄱㄱㄱㄱㄱㄱㄱ
1509162505,정착농민,누가이김?
1509162507,이런이런,편집 중국인이하냐 왜 털리는 것만 나와 이겻는데
1509162507,parifrh,BloodTrail 라이엇=중국회사 BloodTrail
1509162508,어휴한심,살살
1509162508,둘리항,트바
1509162508,cnrhkdgus95,트바~
1509162509,돌엄니칭구,트ㅡ바
1509162509,히오스유저,BloodTrail BloodTrail
1509162510,와우저동헌겨울,10시30분에 얍대 백한다
1509162510,Yangjae,트바
1509162510,트위치로촐래촐래,잘자
1509162510,독막,엠비피 애드로 호스팅점 ㅋ
1509162513,ming9injp,하이라이트만 보면 중국이 3대1로 이겼죠?
1509162514,라플라스,트바
1509162515,yurigaoka,봐라 내년엔 TSM이 우승ㅇ한다
1509162515,파킨,케이티로 마무리...
1509162516,절연테이프,홀스보러간다
